Invoice Number,Flight Dates
1254489-3,08%2F26%2F19-09%2F29%2F19
1254524-3,08%2F26%2F19-09%2F29%2F19
1254575-3,08%2F26%2F19-09%2F01%2F19
1254621-2,08%2F26%2F19-09%2F22%2F19
1254660-3,08%2F26%2F19-09%2F29%2F19
1254704-2,08%2F26%2F19-09%2F29%2F19
1257952-3,08%2F26%2F19-09%2F29%2F19
1265752-3,08%2F26%2F19-09%2F29%2F19
1265771-3,08%2F26%2F19-09%2F29%2F19
1271967-3,08%2F26%2F19-09%2F29%2F19
1271987-3,08%2F26%2F19-09%2F29%2F19
1279426-3,08%2F26%2F19-09%2F29%2F19
1279437-3,08%2F26%2F19-09%2F29%2F19
1283556-2,08%2F26%2F19-09%2F22%2F19
1284940-2,08%2F26%2F19-09%2F01%2F19
1289856-2,08%2F26%2F19-09%2F01%2F19
1301942-2,08%2F26%2F19-09%2F29%2F19
1305716-1,08%2F26%2F19-09%2F29%2F19
1312552-1,08%2F26%2F19-09%2F29%2F19
1323444-1,08%2F26%2F19-09%2F29%2F19
1329778-1,08%2F26%2F19-09%2F29%2F19
1329786-1,08%2F26%2F19-09%2F29%2F19
1330631-1,08%2F26%2F19-09%2F29%2F19
1257429A-3,08%2F26%2F19-09%2F29%2F19
1258234D-3,08%2F26%2F19-09%2F01%2F19
1258580C-3,08%2F26%2F19-09%2F08%2F19
1258788C-3,08%2F26%2F19-09%2F29%2F19
1258857C-3,08%2F26%2F19-09%2F29%2F19
1258980C-3,08%2F26%2F19-09%2F29%2F19
1259225C-3,08%2F26%2F19-09%2F22%2F19
1284737C-2,08%2F26%2F19-09%2F01%2F19
1300878C-2,08%2F26%2F19-09%2F22%2F19
1312628C-1,08%2F26%2F19-09%2F29%2F19
P1261277-3,08%2F26%2F19-09%2F29%2F19
P1261384-3,08%2F26%2F19-09%2F29%2F19
P1264176-3,08%2F26%2F19-09%2F29%2F19
P1268079-3,08%2F26%2F19-09%2F29%2F19
P1268430-3,08%2F26%2F19-09%2F29%2F19
P1268450-3,08%2F26%2F19-09%2F29%2F19
P1270906-3,08%2F26%2F19-09%2F01%2F19
P1272300-3,08%2F26%2F19-09%2F29%2F19
P1275439-3,08%2F26%2F19-09%2F29%2F19
P1275441-3,08%2F26%2F19-09%2F29%2F19
P1276036-3,08%2F26%2F19-09%2F29%2F19
P1276055-4,08%2F26%2F19-09%2F29%2F19
P1280551-3,08%2F26%2F19-09%2F29%2F19
P1280774-3,08%2F26%2F19-09%2F29%2F19
P1284447-2,08%2F26%2F19-09%2F22%2F19
P1284456-2,08%2F26%2F19-09%2F01%2F19
P1293146-2,08%2F26%2F19-09%2F01%2F19
P1306483-2,08%2F26%2F19-09%2F29%2F19
P1306498-1,08%2F26%2F19-09%2F29%2F19
P1312505-1,08%2F26%2F19-09%2F29%2F19
P1328717-1,08%2F26%2F19-09%2F22%2F19
P1328812-1,08%2F26%2F19-09%2F29%2F19
P1342544-1,08%2F26%2F19-09%2F29%2F19
P1342593-1,08%2F26%2F19-09%2F29%2F19
P1342651-1,08%2F26%2F19-09%2F29%2F19
Q1264161-3,08%2F26%2F19-09%2F29%2F19
Q1270891-3,08%2F26%2F19-09%2F01%2F19
Q1276048-3,08%2F26%2F19-09%2F29%2F19
Q1280821-3,08%2F26%2F19-09%2F22%2F19
Q1306506-1,08%2F26%2F19-09%2F29%2F19
1167477-6,08%2F26%2F19-09%2F06%2F19
1252279-3,08%2F26%2F19-09%2F29%2F19
1257705-3,08%2F26%2F19-09%2F29%2F19
1258060-3,08%2F26%2F19-09%2F29%2F19
1258141-2,08%2F26%2F19-09%2F29%2F19
1258222-3,08%2F26%2F19-09%2F29%2F19
1258348-3,08%2F26%2F19-09%2F29%2F19
1259390-3,08%2F26%2F19-09%2F27%2F19
1259430-3,08%2F26%2F19-09%2F27%2F19
1259525-2,08%2F26%2F19-09%2F29%2F19
1259573-2,08%2F26%2F19-09%2F29%2F19
1259725-3,08%2F26%2F19-09%2F29%2F19
1259829-3,08%2F26%2F19-09%2F20%2F19
1259919-3,08%2F26%2F19-09%2F22%2F19
1259944-3,08%2F26%2F19-09%2F29%2F19
1260088-3,08%2F26%2F19-09%2F29%2F19
1261553-3,08%2F26%2F19-09%2F29%2F19
1261683-3,08%2F26%2F19-09%2F29%2F19
1261771-3,08%2F26%2F19-09%2F29%2F19
1261805-3,08%2F26%2F19-09%2F29%2F19
1261850-3,08%2F26%2F19-09%2F26%2F19
1263958-3,08%2F26%2F19-09%2F29%2F19
1266683-3,08%2F26%2F19-09%2F29%2F19
1267375-3,08%2F26%2F19-09%2F29%2F19
1272223-3,08%2F26%2F19-09%2F29%2F19
1272248-3,08%2F26%2F19-09%2F29%2F19
1272319-3,08%2F26%2F19-09%2F29%2F19
1285151-2,08%2F26%2F19-09%2F01%2F19
1285192-2,08%2F26%2F19-09%2F28%2F19
1292662-2,08%2F26%2F19-09%2F29%2F19
1302822-2,08%2F26%2F19-09%2F22%2F19
1305833-1,08%2F26%2F19-09%2F29%2F19
1305854-1,08%2F26%2F19-09%2F29%2F19
1313017-1,08%2F26%2F19-09%2F29%2F19
1313149-1,08%2F26%2F19-09%2F29%2F19
1313375-1,08%2F26%2F19-09%2F22%2F19
1333697-1,08%2F26%2F19-09%2F29%2F19
1333816-1,08%2F26%2F19-09%2F29%2F19
1333895-1,08%2F26%2F19-09%2F29%2F19
1262246-3,08%2F26%2F19-09%2F29%2F19
1264407-3,08%2F26%2F19-09%2F29%2F19
1264543-3,08%2F26%2F19-09%2F22%2F19
1264786-3,08%2F26%2F19-09%2F01%2F19
1266277-3,08%2F26%2F19-09%2F29%2F19
1266344-3,08%2F26%2F19-09%2F29%2F19
1266467-3,08%2F26%2F19-09%2F01%2F19
1285152-2,08%2F26%2F19-09%2F01%2F19
1301711-2,08%2F26%2F19-09%2F22%2F19
1313339-1,08%2F26%2F19-09%2F29%2F19
1257597-3,08%2F26%2F19-09%2F29%2F19
1257654-3,08%2F26%2F19-09%2F29%2F19
1257683-3,08%2F26%2F19-09%2F01%2F19
1257715-3,08%2F26%2F19-09%2F22%2F19
1257776-3,08%2F26%2F19-09%2F29%2F19
1257796-3,08%2F26%2F19-09%2F29%2F19
1257820-3,08%2F26%2F19-09%2F01%2F19
1284622-2,08%2F26%2F19-09%2F01%2F19
1300730-2,08%2F26%2F19-09%2F22%2F19
1312653-1,08%2F26%2F19-09%2F29%2F19
1900065-3,08%2F26%2F19-09%2F29%2F19
1900147-3,08%2F26%2F19-09%2F29%2F19
1901116-3,08%2F26%2F19-09%2F29%2F19
1901193-3,08%2F26%2F19-09%2F29%2F19
1907352-2,08%2F26%2F19-09%2F29%2F19
1910508-2,08%2F26%2F19-09%2F22%2F19
1916398-1,08%2F26%2F19-09%2F15%2F19
1916741-1,08%2F26%2F19-09%2F22%2F19
1917380-1,08%2F26%2F19-09%2F15%2F19
1919807-1,08%2F26%2F19-09%2F29%2F19
1919856-1,08%2F26%2F19-09%2F29%2F19
1253696-3,08%2F26%2F19-09%2F29%2F19
1255695-3,08%2F26%2F19-09%2F22%2F19
1255787-3,08%2F26%2F19-09%2F22%2F19
1255789-3,08%2F26%2F19-09%2F29%2F19
1256709-3,08%2F26%2F19-09%2F22%2F19
1256713-3,08%2F26%2F19-09%2F22%2F19
1256716-3,08%2F26%2F19-09%2F01%2F19
1259806-3,08%2F26%2F19-09%2F29%2F19
1259809-3,08%2F26%2F19-09%2F29%2F19
1259810-2,08%2F26%2F19-09%2F29%2F19
1259814-3,08%2F26%2F19-09%2F29%2F19
1259819-2,08%2F26%2F19-09%2F29%2F19
1259821-3,08%2F26%2F19-09%2F29%2F19
1259823-3,08%2F26%2F19-09%2F29%2F19
1265096-2,08%2F26%2F19-09%2F29%2F19
1272378-2,08%2F26%2F19-09%2F22%2F19
1272379-3,08%2F26%2F19-09%2F29%2F19
1272382-2,08%2F26%2F19-09%2F29%2F19
1284654-2,08%2F26%2F19-09%2F01%2F19
1306016-1,08%2F26%2F19-09%2F29%2F19
1312279-1,08%2F26%2F19-09%2F22%2F19
1312614-1,08%2F26%2F19-09%2F22%2F19
1330690-1,08%2F26%2F19-09%2F29%2F19
1330691-1,08%2F26%2F19-09%2F29%2F19
1330694-1,08%2F26%2F19-09%2F29%2F19
1259546-3,08%2F26%2F19-09%2F29%2F19
1259583-3,08%2F26%2F19-09%2F29%2F19
1259980-3,08%2F26%2F19-09%2F22%2F19
1260051-3,08%2F26%2F19-09%2F01%2F19
1286726-2,08%2F26%2F19-09%2F29%2F19
1255257-3,08%2F26%2F19-09%2F29%2F19
1255573-3,08%2F26%2F19-09%2F29%2F19
1255605-3,08%2F26%2F19-09%2F08%2F19
1255637-3,08%2F26%2F19-09%2F22%2F19
1256612-3,08%2F26%2F19-09%2F29%2F19
1256712-3,08%2F26%2F19-09%2F01%2F19
1256737-3,08%2F26%2F19-09%2F29%2F19
1284588-2,08%2F26%2F19-09%2F01%2F19
1303343-2,08%2F26%2F19-09%2F22%2F19
1313212-1,08%2F26%2F19-09%2F29%2F19
1254205-3,08%2F26%2F19-09%2F29%2F19
1255297-3,08%2F26%2F19-09%2F29%2F19
1255914-3,08%2F26%2F19-09%2F22%2F19
1255936-3,08%2F26%2F19-09%2F22%2F19
1256606-2,08%2F26%2F19-09%2F29%2F19
1256627-3,08%2F26%2F19-09%2F01%2F19
1256673-3,08%2F26%2F19-09%2F22%2F19
1256693-3,08%2F26%2F19-09%2F22%2F19
1257062-3,08%2F26%2F19-09%2F29%2F19
1257126-3,08%2F26%2F19-09%2F29%2F19
1258970-3,08%2F26%2F19-09%2F29%2F19
1259006-2,08%2F26%2F19-09%2F29%2F19
1259070-2,08%2F26%2F19-09%2F29%2F19
1259147-3,08%2F26%2F19-09%2F29%2F19
1259191-3,08%2F26%2F19-09%2F29%2F19
1263808-3,08%2F26%2F19-09%2F29%2F19
1268431-3,08%2F26%2F19-09%2F29%2F19
1270314-3,08%2F26%2F19-09%2F29%2F19
1272652-2,08%2F26%2F19-09%2F22%2F19
1282094-2,08%2F26%2F19-09%2F29%2F19
1283465-2,08%2F26%2F19-09%2F01%2F19
1291543-2,08%2F26%2F19-09%2F29%2F19
1306155-1,08%2F26%2F19-09%2F29%2F19
1312132-1,08%2F26%2F19-09%2F22%2F19
1313095-1,08%2F26%2F19-09%2F22%2F19
1330413-1,08%2F26%2F19-09%2F29%2F19
1330428-1,08%2F26%2F19-09%2F29%2F19
1330453-1,08%2F26%2F19-09%2F29%2F19
1257816-3,08%2F26%2F19-09%2F29%2F19
1259973-3,08%2F26%2F19-09%2F29%2F19
1261404-3,08%2F26%2F19-09%2F08%2F19
1261727-3,08%2F26%2F19-09%2F17%2F19
1261878-3,08%2F26%2F19-09%2F29%2F19
1285162-2,08%2F26%2F19-09%2F01%2F19
1302833-2,08%2F26%2F19-09%2F22%2F19
1313055-1,08%2F26%2F19-09%2F29%2F19
1261477-3,08%2F26%2F19-09%2F29%2F19
1254972-3,08%2F26%2F19-09%2F29%2F19
1257488-3,08%2F26%2F19-09%2F29%2F19
1257546-3,08%2F26%2F19-09%2F01%2F19
1257839-3,08%2F26%2F19-09%2F22%2F19
1257915-3,08%2F26%2F19-09%2F29%2F19
1259041-3,08%2F26%2F19-09%2F08%2F19
1259171-3,08%2F26%2F19-09%2F29%2F19
1285688-2,08%2F26%2F19-09%2F01%2F19
1303079-2,08%2F26%2F19-09%2F22%2F19
1313481-1,08%2F26%2F19-09%2F29%2F19
1254445-3,08%2F26%2F19-09%2F29%2F19
1257288-3,08%2F26%2F19-09%2F29%2F19
1257371-3,08%2F26%2F19-09%2F22%2F19
1257492-3,08%2F26%2F19-09%2F22%2F19
1257508-3,08%2F26%2F19-09%2F22%2F19
1257526-2,08%2F26%2F19-09%2F29%2F19
1257551-3,08%2F26%2F19-09%2F01%2F19
1257586-3,08%2F26%2F19-09%2F22%2F19
1257615-3,08%2F26%2F19-09%2F29%2F19
1257673-3,08%2F26%2F19-09%2F29%2F19
1257699-3,08%2F26%2F19-09%2F29%2F19
1257740-2,08%2F26%2F19-09%2F29%2F19
1259563-2,08%2F26%2F19-09%2F29%2F19
1259586-3,08%2F26%2F19-09%2F29%2F19
1259610-3,08%2F26%2F19-09%2F29%2F19
1263915-3,08%2F26%2F19-09%2F29%2F19
1266575-3,08%2F26%2F19-09%2F29%2F19
1267424-3,08%2F26%2F19-09%2F29%2F19
1272216-3,08%2F26%2F19-09%2F29%2F19
1272228-3,08%2F26%2F19-09%2F29%2F19
1272296-2,08%2F26%2F19-09%2F22%2F19
1283814-2,08%2F26%2F19-09%2F01%2F19
1291601-2,08%2F26%2F19-09%2F29%2F19
1306197-1,08%2F26%2F19-09%2F29%2F19
1312500-1,08%2F26%2F19-09%2F22%2F19
1312864-1,08%2F26%2F19-09%2F22%2F19
1330445-1,08%2F26%2F19-09%2F29%2F19
1330454-1,08%2F26%2F19-09%2F29%2F19
1330495-1,08%2F26%2F19-09%2F29%2F19
1900063-3,08%2F26%2F19-09%2F29%2F19
1900140-3,08%2F26%2F19-09%2F29%2F19
1901087-3,08%2F26%2F19-09%2F29%2F19
1901189-3,08%2F26%2F19-09%2F29%2F19
1907351-2,08%2F26%2F19-09%2F29%2F19
1910506-2,08%2F26%2F19-09%2F22%2F19
1916395-1,08%2F26%2F19-09%2F15%2F19
1916739-1,08%2F26%2F19-09%2F22%2F19
1917317-1,08%2F26%2F19-09%2F15%2F19
1919806-1,08%2F26%2F19-09%2F29%2F19
1919855-1,08%2F26%2F19-09%2F29%2F19
1900066-3,08%2F26%2F19-09%2F29%2F19
1900155-3,08%2F26%2F19-09%2F29%2F19
1901083-3,08%2F26%2F19-09%2F29%2F19
1901194-3,08%2F26%2F19-09%2F29%2F19
1907353-2,08%2F26%2F19-09%2F29%2F19
1910509-2,08%2F26%2F19-09%2F22%2F19
1916399-1,08%2F26%2F19-09%2F15%2F19
1916742-1,08%2F26%2F19-09%2F22%2F19
1917381-1,08%2F26%2F19-09%2F15%2F19
1919808-1,08%2F26%2F19-09%2F29%2F19
1919857-1,08%2F26%2F19-09%2F29%2F19
1270481-3,08%2F26%2F19-09%2F29%2F19
1270491-3,08%2F26%2F19-09%2F29%2F19
1278425-1,08%2F26%2F19-09%2F29%2F19
1278474-2,08%2F26%2F19-09%2F29%2F19
1278507-3,08%2F26%2F19-09%2F29%2F19
1278558-1,08%2F26%2F19-09%2F29%2F19
1297864-2,08%2F26%2F19-09%2F29%2F19
1305732-1,08%2F26%2F19-09%2F29%2F19
1900067-3,08%2F26%2F19-09%2F29%2F19
1900163-3,08%2F26%2F19-09%2F29%2F19
1901117-3,08%2F26%2F19-09%2F29%2F19
1901195-3,08%2F26%2F19-09%2F29%2F19
1907354-2,08%2F26%2F19-09%2F29%2F19
1910510-2,08%2F26%2F19-09%2F22%2F19
1916400-1,08%2F26%2F19-09%2F15%2F19
1916743-1,08%2F26%2F19-09%2F22%2F19
1917382-1,08%2F26%2F19-09%2F15%2F19
1919809-1,08%2F26%2F19-09%2F29%2F19
1919858-1,08%2F26%2F19-09%2F29%2F19
1257316-3,08%2F26%2F19-09%2F29%2F19
1257515-3,08%2F26%2F19-09%2F01%2F19
1257823-3,08%2F26%2F19-09%2F08%2F19
1258363-3,08%2F26%2F19-09%2F29%2F19
1258386-3,08%2F26%2F19-09%2F29%2F19
1259193-3,08%2F26%2F19-09%2F22%2F19
1285122-2,08%2F26%2F19-09%2F01%2F19
1303456-2,08%2F26%2F19-09%2F22%2F19
1313796-1,08%2F26%2F19-09%2F29%2F19
1900080-3,08%2F26%2F19-09%2F29%2F19
1900165-3,08%2F26%2F19-09%2F29%2F19
1901063-3,08%2F26%2F19-09%2F29%2F19
1901196-3,08%2F26%2F19-09%2F29%2F19
1907355-2,08%2F26%2F19-09%2F27%2F19
1910511-2,08%2F26%2F19-09%2F20%2F19
1916401-1,08%2F26%2F19-09%2F13%2F19
1916744-1,08%2F26%2F19-09%2F20%2F19
1917383-1,08%2F26%2F19-09%2F13%2F19
1919810-1,08%2F26%2F19-09%2F27%2F19
1919859-1,08%2F26%2F19-09%2F27%2F19
1257191-2,08%2F26%2F19-09%2F01%2F19
1257247-2,08%2F26%2F19-09%2F15%2F19
1257275-3,08%2F26%2F19-09%2F01%2F19
1257362-3,08%2F26%2F19-09%2F15%2F19
1257440-3,08%2F26%2F19-09%2F29%2F19
1257507-3,08%2F26%2F19-09%2F29%2F19
1258139-2,08%2F26%2F19-09%2F15%2F19
1258178-3,08%2F26%2F19-09%2F01%2F19
1258665-3,08%2F26%2F19-09%2F15%2F19
1258706-3,08%2F26%2F19-09%2F01%2F19
1265111-3,08%2F26%2F19-09%2F15%2F19
1272574-3,08%2F26%2F19-09%2F15%2F19
1272604-3,08%2F26%2F19-09%2F15%2F19
1283443-2,08%2F26%2F19-09%2F01%2F19
1305762-1,08%2F26%2F19-09%2F29%2F19
1312078-1,08%2F26%2F19-09%2F15%2F19
1314634-1,08%2F26%2F19-09%2F29%2F19
1256404-3,08%2F26%2F19-09%2F01%2F19
1256410-3,08%2F26%2F19-09%2F22%2F19
1256416-3,08%2F26%2F19-09%2F22%2F19
1256689-3,08%2F26%2F19-09%2F22%2F19
1256721-3,08%2F26%2F19-09%2F22%2F19
1256746-3,08%2F26%2F19-09%2F29%2F19
1256842-3,08%2F26%2F19-09%2F29%2F19
1256893-2,08%2F26%2F19-09%2F29%2F19
1257631-2,08%2F26%2F19-09%2F29%2F19
1257782-3,08%2F26%2F19-09%2F29%2F19
1257888-3,08%2F26%2F19-09%2F29%2F19
1258111-3,08%2F26%2F19-09%2F29%2F19
1258165-3,08%2F26%2F19-09%2F29%2F19
1258586-2,08%2F26%2F19-09%2F29%2F19
1259355-3,08%2F26%2F19-09%2F29%2F19
1263793-3,08%2F26%2F19-09%2F29%2F19
1266479-3,08%2F26%2F19-09%2F29%2F19
1267147-3,08%2F26%2F19-09%2F29%2F19
1272806-3,08%2F26%2F19-09%2F29%2F19
1272835-3,08%2F26%2F19-09%2F29%2F19
1273010-2,08%2F26%2F19-09%2F22%2F19
1285256-2,08%2F26%2F19-09%2F01%2F19
1291540-2,08%2F26%2F19-09%2F29%2F19
1308208-1,08%2F26%2F19-09%2F29%2F19
1313909-1,08%2F26%2F19-09%2F22%2F19
1313934-1,08%2F26%2F19-09%2F22%2F19
1332208-1,08%2F26%2F19-09%2F29%2F19
1332230-1,08%2F26%2F19-09%2F29%2F19
1332281-1,08%2F26%2F19-09%2F29%2F19
1900081-3,08%2F26%2F19-09%2F29%2F19
1907356-2,08%2F26%2F19-09%2F29%2F19
1916402-1,08%2F26%2F19-09%2F15%2F19
1916745-1,08%2F26%2F19-09%2F22%2F19
1919811-1,08%2F26%2F19-09%2F29%2F19
1919860-1,08%2F26%2F19-09%2F29%2F19
1900166-3,08%2F26%2F19-09%2F29%2F19
1901089-3,08%2F26%2F19-09%2F29%2F19
1901201-3,08%2F26%2F19-09%2F29%2F19
1910512-2,08%2F26%2F19-09%2F22%2F19
1917384-1,08%2F26%2F19-09%2F15%2F19
1280045-3,08%2F26%2F19-09%2F29%2F19
1280390-3,08%2F26%2F19-09%2F01%2F19
1280399-3,08%2F26%2F19-09%2F08%2F19
1280480-3,08%2F26%2F19-09%2F29%2F19
1280488-3,08%2F26%2F19-09%2F29%2F19
1280503-3,08%2F26%2F19-09%2F22%2F19
1284624-2,08%2F26%2F19-09%2F01%2F19
1300933-2,08%2F26%2F19-09%2F22%2F19
1312668-1,08%2F26%2F19-09%2F29%2F19
1900087-3,08%2F26%2F19-09%2F29%2F19
1900186-3,08%2F26%2F19-09%2F29%2F19
1901118-3,08%2F26%2F19-09%2F29%2F19
1901203-3,08%2F26%2F19-09%2F29%2F19
1907359-2,08%2F26%2F19-09%2F29%2F19
1910517-2,08%2F26%2F19-09%2F22%2F19
1916407-1,08%2F26%2F19-09%2F15%2F19
1916747-1,08%2F26%2F19-09%2F22%2F19
1917393-1,08%2F26%2F19-09%2F15%2F19
1919814-1,08%2F26%2F19-09%2F29%2F19
1919862-1,08%2F26%2F19-09%2F29%2F19
1264297-3,08%2F26%2F19-09%2F29%2F19
1264314-3,08%2F26%2F19-09%2F22%2F19
1264335-3,08%2F26%2F19-09%2F08%2F19
1264370-3,08%2F26%2F19-09%2F29%2F19
1264381-3,08%2F26%2F19-09%2F29%2F19
1264404-3,08%2F26%2F19-09%2F29%2F19
1264428-3,08%2F26%2F19-09%2F01%2F19
1284760-2,08%2F26%2F19-09%2F01%2F19
1300773-2,08%2F26%2F19-09%2F22%2F19
1312643-1,08%2F26%2F19-09%2F29%2F19
1252610-3,08%2F26%2F19-09%2F29%2F19
1260287-3,08%2F26%2F19-09%2F29%2F19
1262654-3,08%2F26%2F19-09%2F22%2F19
1262658-3,08%2F26%2F19-09%2F22%2F19
1262660-3,08%2F26%2F19-09%2F22%2F19
1262668-3,08%2F26%2F19-09%2F22%2F19
1262671-3,08%2F26%2F19-09%2F01%2F19
1262678-2,08%2F26%2F19-09%2F29%2F19
1262680-3,08%2F26%2F19-09%2F29%2F19
1262681-3,08%2F26%2F19-09%2F29%2F19
1262683-2,08%2F26%2F19-09%2F29%2F19
1262685-2,08%2F26%2F19-09%2F29%2F19
1262686-3,08%2F26%2F19-09%2F29%2F19
1262689-3,08%2F26%2F19-09%2F29%2F19
1262692-3,08%2F26%2F19-09%2F29%2F19
1263231-3,08%2F26%2F19-09%2F29%2F19
1268291-3,08%2F26%2F19-09%2F29%2F19
1268305-3,08%2F26%2F19-09%2F29%2F19
1274341-3,08%2F26%2F19-09%2F29%2F19
1274354-2,08%2F26%2F19-09%2F22%2F19
1274358-3,08%2F26%2F19-09%2F29%2F19
1283810-2,08%2F26%2F19-09%2F01%2F19
1293541-2,08%2F26%2F19-09%2F29%2F19
1307258-1,08%2F26%2F19-09%2F29%2F19
1313674-1,08%2F26%2F19-09%2F22%2F19
1313924-1,08%2F26%2F19-09%2F22%2F19
1331151-1,08%2F26%2F19-09%2F29%2F19
1331161-1,08%2F26%2F19-09%2F29%2F19
1331168-1,08%2F26%2F19-09%2F29%2F19
1259933-3,08%2F26%2F19-09%2F08%2F19
1259958-3,08%2F26%2F19-09%2F08%2F19
1260028-3,08%2F26%2F19-09%2F29%2F19
1255104-3,08%2F26%2F19-09%2F29%2F19
1255141-3,08%2F26%2F19-09%2F29%2F19
1256196-3,08%2F26%2F19-09%2F01%2F19
1256207-3,08%2F26%2F19-09%2F22%2F19
1256214-3,08%2F26%2F19-09%2F22%2F19
1256220-3,08%2F26%2F19-09%2F22%2F19
1256224-3,08%2F26%2F19-09%2F22%2F19
1257350-2,08%2F26%2F19-09%2F29%2F19
1257512-3,08%2F26%2F19-09%2F29%2F19
1257662-3,08%2F26%2F19-09%2F29%2F19
1257733-3,08%2F26%2F19-09%2F29%2F19
1258016-3,08%2F26%2F19-09%2F29%2F19
1258748-2,08%2F26%2F19-09%2F29%2F19
1264750-3,08%2F26%2F19-09%2F29%2F19
1266324-3,08%2F26%2F19-09%2F29%2F19
1267093-3,08%2F26%2F19-09%2F29%2F19
1272107-3,08%2F26%2F19-09%2F29%2F19
1272251-3,08%2F26%2F19-09%2F29%2F19
1272267-2,08%2F26%2F19-09%2F22%2F19
1283427-2,08%2F26%2F19-09%2F01%2F19
1291584-2,08%2F26%2F19-09%2F29%2F19
1305663-1,08%2F26%2F19-09%2F29%2F19
1305700-1,08%2F26%2F19-09%2F29%2F19
1312044-1,08%2F26%2F19-09%2F22%2F19
1312631-1,08%2F26%2F19-09%2F22%2F19
1317671-1,08%2F26%2F19-09%2F29%2F19
1330669-1,08%2F26%2F19-09%2F29%2F19
1330697-1,08%2F26%2F19-09%2F29%2F19
1330701-1,08%2F26%2F19-09%2F29%2F19
1257429C-3,08%2F26%2F19-09%2F29%2F19
1258234B-3,08%2F26%2F19-09%2F01%2F19
1258580A-3,08%2F26%2F19-09%2F08%2F19
1258788A-3,08%2F26%2F19-09%2F29%2F19
1258857A-3,08%2F26%2F19-09%2F29%2F19
1258980A-3,08%2F26%2F19-09%2F29%2F19
1259225A-3,08%2F26%2F19-09%2F22%2F19
1284737A-2,08%2F26%2F19-09%2F01%2F19
1300878A-2,08%2F26%2F19-09%2F22%2F19
1312628A-1,08%2F26%2F19-09%2F29%2F19
1255784-3,08%2F26%2F19-09%2F29%2F19
1255972-3,08%2F26%2F19-09%2F29%2F19
1255992-3,08%2F26%2F19-09%2F29%2F19
1256099-3,08%2F26%2F19-09%2F29%2F19
1256117-3,08%2F26%2F19-09%2F29%2F19
1256127-3,08%2F26%2F19-09%2F29%2F19
1256138-3,08%2F26%2F19-09%2F29%2F19
1256151-3,08%2F26%2F19-09%2F29%2F19
1267880-3,08%2F26%2F19-09%2F29%2F19
1267957-3,08%2F26%2F19-09%2F01%2F19
1267963-3,08%2F26%2F19-09%2F01%2F19
1267991-3,08%2F26%2F19-09%2F15%2F19
1268001-3,08%2F26%2F19-09%2F29%2F19
1268215-3,08%2F26%2F19-09%2F29%2F19
1270911-3,08%2F26%2F19-09%2F29%2F19
1272739-3,08%2F26%2F19-09%2F29%2F19
1279758-3,08%2F26%2F19-09%2F29%2F19
1284846-2,08%2F26%2F19-09%2F29%2F19
1303354-2,08%2F26%2F19-09%2F15%2F19
1303404-2,08%2F26%2F19-09%2F29%2F19
1306332-1,08%2F26%2F19-09%2F08%2F19
1306340-1,08%2F26%2F19-09%2F29%2F19
1308863-1,08%2F26%2F19-09%2F29%2F19
1313224-1,08%2F26%2F19-09%2F22%2F19
1330261-1,08%2F26%2F19-09%2F29%2F19
1330267-1,08%2F26%2F19-09%2F29%2F19
1330274-1,08%2F26%2F19-09%2F29%2F19
1900093-3,08%2F26%2F19-09%2F29%2F19
1900201-3,08%2F26%2F19-09%2F29%2F19
1901127-3,08%2F26%2F19-09%2F29%2F19
1901209-3,08%2F26%2F19-09%2F29%2F19
1907364-2,08%2F26%2F19-09%2F29%2F19
1910523-2,08%2F26%2F19-09%2F22%2F19
1916409-1,08%2F26%2F19-09%2F15%2F19
1916762-1,08%2F26%2F19-09%2F22%2F19
1917396-1,08%2F26%2F19-09%2F15%2F19
1919817-1,08%2F26%2F19-09%2F29%2F19
1919866-1,08%2F26%2F19-09%2F29%2F19
1252045-3,08%2F26%2F19-09%2F29%2F19
1256545-3,08%2F26%2F19-09%2F22%2F19
1256687-3,08%2F26%2F19-09%2F22%2F19
1256940-3,08%2F26%2F19-09%2F01%2F19
1257163-3,08%2F26%2F19-09%2F22%2F19
1263677-3,08%2F26%2F19-09%2F29%2F19
1272607-2,08%2F26%2F19-09%2F29%2F19
1272714-2,08%2F26%2F19-09%2F22%2F19
1272735-3,08%2F26%2F19-09%2F29%2F19
1284529-2,08%2F26%2F19-09%2F22%2F19
1284554-2,08%2F26%2F19-09%2F01%2F19
1284593-1,08%2F26%2F19-09%2F29%2F19
1284610-1,08%2F26%2F19-09%2F29%2F19
1284630-2,08%2F26%2F19-09%2F29%2F19
1285406-2,08%2F26%2F19-09%2F29%2F19
1292039-2,08%2F26%2F19-09%2F29%2F19
1305725-1,08%2F26%2F19-09%2F29%2F19
1312351-1,08%2F26%2F19-09%2F22%2F19
1312863-1,08%2F26%2F19-09%2F22%2F19
1330941-1,08%2F26%2F19-09%2F29%2F19
1330976-1,08%2F26%2F19-09%2F29%2F19
1252534-3,08%2F26%2F19-09%2F29%2F19
1257460-3,08%2F26%2F19-09%2F29%2F19
1258425-3,08%2F26%2F19-09%2F29%2F19
1259110-3,08%2F26%2F19-09%2F29%2F19
1259211-3,08%2F26%2F19-09%2F29%2F19
1261205-3,08%2F26%2F19-09%2F01%2F19
1261453-3,08%2F26%2F19-09%2F22%2F19
1261545-2,08%2F26%2F19-09%2F29%2F19
1261594-2,08%2F26%2F19-09%2F29%2F19
1261628-2,08%2F26%2F19-09%2F29%2F19
1264151-3,08%2F26%2F19-09%2F29%2F19
1283488-2,08%2F26%2F19-09%2F01%2F19
1312869-1,08%2F26%2F19-09%2F22%2F19
1774%20sp1-3,08%2F26%2F19-09%2F29%2F19
1777%20sp2-3,08%2F26%2F19-09%2F29%2F19
1809%20sp2-2,08%2F26%2F19-09%2F29%2F19
3954%20sp1-1,08%2F26%2F19-09%2F29%2F19
3957%20sp1-1,08%2F26%2F19-09%2F22%2F19
4287%20sp2-1,08%2F26%2F19-09%2F29%2F19
4561%20sp2-2,08%2F26%2F19-09%2F01%2F19
5556%20sp1-1,08%2F26%2F19-09%2F08%2F19
1255174-3,08%2F26%2F19-09%2F29%2F19
1257609-3,08%2F26%2F19-09%2F01%2F19
1257736-3,08%2F26%2F19-09%2F29%2F19
1257846-3,08%2F26%2F19-09%2F29%2F19
1257997-3,08%2F26%2F19-09%2F29%2F19
1258134-3,08%2F26%2F19-09%2F01%2F19
1258190-3,08%2F26%2F19-09%2F22%2F19
1285052-2,08%2F26%2F19-09%2F01%2F19
1300820-2,08%2F26%2F19-09%2F22%2F19
1313714-1,08%2F26%2F19-09%2F29%2F19
1260651-3,08%2F26%2F19-09%2F03%2F19
1261935-3,08%2F26%2F19-09%2F29%2F19
1291066-2,08%2F26%2F19-09%2F09%2F19
1307034-2,08%2F26%2F19-09%2F22%2F19
1254092-3,08%2F26%2F19-09%2F29%2F19
1255346-3,08%2F26%2F19-09%2F29%2F19
1255882-3,08%2F26%2F19-09%2F22%2F19
1255926-3,08%2F26%2F19-09%2F22%2F19
1256596-2,08%2F26%2F19-09%2F29%2F19
1256614-3,08%2F26%2F19-09%2F01%2F19
1256678-3,08%2F26%2F19-09%2F22%2F19
1256703-3,08%2F26%2F19-09%2F22%2F19
1257030-3,08%2F26%2F19-09%2F29%2F19
1257102-3,08%2F26%2F19-09%2F29%2F19
1258916-3,08%2F26%2F19-09%2F29%2F19
1259036-2,08%2F26%2F19-09%2F29%2F19
1259085-2,08%2F26%2F19-09%2F29%2F19
1259109-3,08%2F26%2F19-09%2F29%2F19
1259206-3,08%2F26%2F19-09%2F29%2F19
1263882-3,08%2F26%2F19-09%2F29%2F19
1268451-3,08%2F26%2F19-09%2F29%2F19
1270326-3,08%2F26%2F19-09%2F29%2F19
1272644-2,08%2F26%2F19-09%2F22%2F19
1272723-3,08%2F26%2F19-09%2F29%2F19
1282128-2,08%2F26%2F19-09%2F29%2F19
1283469-2,08%2F26%2F19-09%2F01%2F19
1291547-2,08%2F26%2F19-09%2F29%2F19
1306156-1,08%2F26%2F19-09%2F29%2F19
1312127-1,08%2F26%2F19-09%2F22%2F19
1313106-1,08%2F26%2F19-09%2F22%2F19
1330406-1,08%2F26%2F19-09%2F29%2F19
1330419-1,08%2F26%2F19-09%2F29%2F19
1330460-1,08%2F26%2F19-09%2F29%2F19
1774%20sp2-3,08%2F26%2F19-09%2F29%2F19
1777%20sp1-3,08%2F26%2F19-09%2F29%2F19
1809%20sp1-2,08%2F26%2F19-09%2F29%2F19
3954%20sp2-1,08%2F26%2F19-09%2F29%2F19
3957%20sp2-1,08%2F26%2F19-09%2F22%2F19
4287%20sp1-1,08%2F26%2F19-09%2F29%2F19
4561%20sp1-2,08%2F26%2F19-09%2F01%2F19
5556%20sp2-1,08%2F26%2F19-09%2F08%2F19
1254747-3,08%2F26%2F19-09%2F29%2F19
1254805-2,08%2F26%2F19-09%2F22%2F19
1254898-3,08%2F26%2F19-09%2F01%2F19
1254989-3,08%2F26%2F19-09%2F29%2F19
1255049-3,08%2F26%2F19-09%2F29%2F19
1255288-3,08%2F26%2F19-09%2F29%2F19
1255344-3,08%2F26%2F19-09%2F29%2F19
1255422-3,08%2F26%2F19-09%2F29%2F19
1255828-3,08%2F26%2F19-09%2F29%2F19
1265718-3,08%2F26%2F19-09%2F29%2F19
1265745-3,08%2F26%2F19-09%2F29%2F19
1271928-4,08%2F26%2F19-09%2F29%2F19
1271986-3,08%2F26%2F19-09%2F29%2F19
1278376-3,08%2F26%2F19-09%2F29%2F19
1278393-3,08%2F26%2F19-09%2F29%2F19
1283609-2,08%2F26%2F19-09%2F22%2F19
1290457-2,08%2F26%2F19-09%2F01%2F19
1301173-2,08%2F26%2F19-09%2F29%2F19
1305800-1,08%2F26%2F19-09%2F29%2F19
1313046-1,08%2F26%2F19-09%2F29%2F19
1323421-1,08%2F26%2F19-09%2F29%2F19
1330155-1,08%2F26%2F19-09%2F29%2F19
1330167-1,08%2F26%2F19-09%2F29%2F19
1330942-1,08%2F26%2F19-09%2F29%2F19
1257223-3,08%2F26%2F19-09%2F01%2F19
1259236-3,08%2F26%2F19-09%2F29%2F19
1286160-2,08%2F26%2F19-09%2F17%2F19
1303107-2,08%2F26%2F19-09%2F22%2F19
1313496-1,08%2F26%2F19-09%2F29%2F19
1270489-3,08%2F26%2F19-09%2F29%2F19
1270492-3,08%2F26%2F19-09%2F29%2F19
1278440-1,08%2F26%2F19-09%2F29%2F19
1278467-2,08%2F26%2F19-09%2F29%2F19
1278494-3,08%2F26%2F19-09%2F29%2F19
1278549-1,08%2F26%2F19-09%2F29%2F19
1305735-1,08%2F26%2F19-09%2F29%2F19
1260063-3,08%2F26%2F19-09%2F29%2F19
1260172-3,08%2F26%2F19-09%2F29%2F19
1260189-3,08%2F26%2F19-09%2F01%2F19
1284070-2,08%2F26%2F19-09%2F22%2F19
1284077-2,08%2F26%2F19-09%2F29%2F19
1284082-2,08%2F26%2F19-09%2F08%2F19
1284085-2,08%2F26%2F19-09%2F29%2F19
1284659-2,08%2F26%2F19-09%2F08%2F19
1301343-2,08%2F26%2F19-09%2F22%2F19
1312666-1,08%2F26%2F19-09%2F29%2F19
1900083-3,08%2F26%2F19-09%2F29%2F19
1900176-3,08%2F26%2F19-09%2F29%2F19
1901111-3,08%2F26%2F19-09%2F29%2F19
1907358-2,08%2F26%2F19-09%2F29%2F19
1910516-2,08%2F26%2F19-09%2F22%2F19
1916405-1,08%2F26%2F19-09%2F15%2F19
1916746-1,08%2F26%2F19-09%2F22%2F19
1917392-1,08%2F26%2F19-09%2F15%2F19
1919812-1,08%2F26%2F19-09%2F29%2F19
1919861-1,08%2F26%2F19-09%2F29%2F19
1256408-3,08%2F26%2F19-09%2F01%2F19
1256414-3,08%2F26%2F19-09%2F22%2F19
1256417-3,08%2F26%2F19-09%2F22%2F19
1256702-3,08%2F26%2F19-09%2F22%2F19
1256739-3,08%2F26%2F19-09%2F22%2F19
1256805-3,08%2F26%2F19-09%2F29%2F19
1256873-3,08%2F26%2F19-09%2F29%2F19
1256908-2,08%2F26%2F19-09%2F29%2F19
1257762-2,08%2F26%2F19-09%2F29%2F19
1257817-3,08%2F26%2F19-09%2F29%2F19
1257974-3,08%2F26%2F19-09%2F29%2F19
1258149-3,08%2F26%2F19-09%2F29%2F19
1258261-3,08%2F26%2F19-09%2F29%2F19
1258597-2,08%2F26%2F19-09%2F29%2F19
1259408-3,08%2F26%2F19-09%2F29%2F19
1263810-3,08%2F26%2F19-09%2F29%2F19
1266501-3,08%2F26%2F19-09%2F29%2F19
1267153-3,08%2F26%2F19-09%2F29%2F19
1272831-3,08%2F26%2F19-09%2F29%2F19
1273001-3,08%2F26%2F19-09%2F29%2F19
1273016-2,08%2F26%2F19-09%2F22%2F19
1285258-2,08%2F26%2F19-09%2F01%2F19
1291572-2,08%2F26%2F19-09%2F29%2F19
1308214-1,08%2F26%2F19-09%2F29%2F19
1313914-1,08%2F26%2F19-09%2F22%2F19
1313942-1,08%2F26%2F19-09%2F22%2F19
1332215-1,08%2F26%2F19-09%2F29%2F19
1332261-1,08%2F26%2F19-09%2F29%2F19
1332288-1,08%2F26%2F19-09%2F29%2F19
1280587-3,08%2F26%2F19-09%2F29%2F19
1280592-3,08%2F26%2F19-09%2F01%2F19
1280599-3,08%2F26%2F19-09%2F08%2F19
1280608-3,08%2F26%2F19-09%2F29%2F19
1280612-3,08%2F26%2F19-09%2F29%2F19
1280616-3,08%2F26%2F19-09%2F22%2F19
1284642-2,08%2F26%2F19-09%2F01%2F19
1300926-2,08%2F26%2F19-09%2F22%2F19
1312665-1,08%2F26%2F19-09%2F29%2F19
1280626-3,08%2F26%2F19-09%2F29%2F19
1280629-3,08%2F26%2F19-09%2F01%2F19
1280632-3,08%2F26%2F19-09%2F08%2F19
1280642-3,08%2F26%2F19-09%2F29%2F19
1280651-3,08%2F26%2F19-09%2F29%2F19
1280653-3,08%2F26%2F19-09%2F22%2F19
1284657-2,08%2F26%2F19-09%2F01%2F19
1300917-2,08%2F26%2F19-09%2F22%2F19
1312662-1,08%2F26%2F19-09%2F29%2F19
Q1252990-3,08%2F26%2F19-09%2F29%2F19
Q1258162-3,08%2F26%2F19-09%2F29%2F19
Q1258387-3,08%2F26%2F19-09%2F22%2F19
Q1258463-3,08%2F26%2F19-09%2F22%2F19
Q1258560-3,08%2F26%2F19-09%2F22%2F19
Q1258695-3,08%2F26%2F19-09%2F01%2F19
Q1258754-2,08%2F26%2F19-09%2F29%2F19
Q1259037-3,08%2F26%2F19-09%2F29%2F19
Q1259318-3,08%2F26%2F19-09%2F29%2F19
Q1259470-3,08%2F26%2F19-09%2F29%2F19
Q1259701-2,08%2F26%2F19-09%2F29%2F19
Q1259961-2,08%2F26%2F19-09%2F29%2F19
Q1260021-3,08%2F26%2F19-09%2F29%2F19
Q1260071-3,08%2F26%2F19-09%2F29%2F19
Q1261047-3,08%2F26%2F19-09%2F22%2F19
Q1263386-3,08%2F26%2F19-09%2F29%2F19
Q1266500-3,08%2F26%2F19-09%2F29%2F19
Q1267040-3,08%2F26%2F19-09%2F29%2F19
Q1272084-3,08%2F26%2F19-09%2F29%2F19
Q1272202-2,08%2F26%2F19-09%2F22%2F19
Q1272260-3,08%2F26%2F19-09%2F29%2F19
Q1284311-2,08%2F26%2F19-09%2F01%2F19
Q1291555-2,08%2F26%2F19-09%2F29%2F19
Q1306826-1,08%2F26%2F19-09%2F29%2F19
Q1312141-1,08%2F26%2F19-09%2F22%2F19
Q1313073-1,08%2F26%2F19-09%2F22%2F19
Q1330443-1,08%2F26%2F19-09%2F29%2F19
Q1330476-1,08%2F26%2F19-09%2F29%2F19
Q1330508-1,08%2F26%2F19-09%2F29%2F19
1900088-3,08%2F26%2F19-09%2F29%2F19
1900196-3,08%2F26%2F19-09%2F29%2F19
1901126-3,08%2F26%2F19-09%2F29%2F19
1901204-3,08%2F26%2F19-09%2F29%2F19
1907361-2,08%2F26%2F19-09%2F29%2F19
1910519-2,08%2F26%2F19-09%2F22%2F19
1916406-1,08%2F26%2F19-09%2F15%2F19
1916748-1,08%2F26%2F19-09%2F22%2F19
1917394-1,08%2F26%2F19-09%2F15%2F19
1919815-1,08%2F26%2F19-09%2F29%2F19
1919863-1,08%2F26%2F19-09%2F29%2F19
1900092-3,08%2F26%2F19-09%2F29%2F19
1900173-3,08%2F26%2F19-09%2F29%2F19
1901058-3,08%2F26%2F19-09%2F29%2F19
1901205-3,08%2F26%2F19-09%2F29%2F19
1907363-2,08%2F26%2F19-09%2F29%2F19
1910520-2,08%2F26%2F19-09%2F22%2F19
1916408-1,08%2F26%2F19-09%2F15%2F19
1916761-1,08%2F26%2F19-09%2F22%2F19
1917395-1,08%2F26%2F19-09%2F15%2F19
1919816-1,08%2F26%2F19-09%2F29%2F19
1919865-1,08%2F26%2F19-09%2F29%2F19
1251713-3,08%2F26%2F19-09%2F29%2F19
1255122-3,08%2F26%2F19-09%2F29%2F19
1256200-3,08%2F26%2F19-09%2F01%2F19
1256204-3,08%2F26%2F19-09%2F22%2F19
1256216-3,08%2F26%2F19-09%2F22%2F19
1256219-3,08%2F26%2F19-09%2F22%2F19
1256226-3,08%2F26%2F19-09%2F22%2F19
1257467-2,08%2F26%2F19-09%2F29%2F19
1257641-3,08%2F26%2F19-09%2F29%2F19
1257693-3,08%2F26%2F19-09%2F29%2F19
1257714-3,08%2F26%2F19-09%2F29%2F19
1258026-3,08%2F26%2F19-09%2F29%2F19
1258033-3,08%2F26%2F19-09%2F29%2F19
1264740-3,08%2F26%2F19-09%2F29%2F19
1266316-3,08%2F26%2F19-09%2F29%2F19
1267085-3,08%2F26%2F19-09%2F29%2F19
1272090-3,08%2F26%2F19-09%2F29%2F19
1272239-3,08%2F26%2F19-09%2F29%2F19
1272273-2,08%2F26%2F19-09%2F22%2F19
1283429-2,08%2F26%2F19-09%2F01%2F19
1291577-2,08%2F26%2F19-09%2F29%2F19
1305654-1,08%2F26%2F19-09%2F29%2F19
1305696-1,08%2F26%2F19-09%2F29%2F19
1312052-1,08%2F26%2F19-09%2F22%2F19
1312632-1,08%2F26%2F19-09%2F22%2F19
1330680-1,08%2F26%2F19-09%2F29%2F19
1330685-1,08%2F26%2F19-09%2F29%2F19
1330699-1,08%2F26%2F19-09%2F29%2F19
1261837-3,08%2F26%2F19-09%2F29%2F19
1261892-3,08%2F26%2F19-09%2F29%2F19
1261975-3,08%2F26%2F19-09%2F22%2F19
1262036-3,08%2F26%2F19-09%2F29%2F19
1264963-3,08%2F26%2F19-09%2F29%2F19
1268587-2,08%2F26%2F19-09%2F29%2F19
1268607-2,08%2F26%2F19-09%2F29%2F19
1280537-1,08%2F26%2F19-09%2F22%2F19
1280549-2,08%2F26%2F19-09%2F29%2F19
1285198-2,08%2F26%2F19-09%2F01%2F19
1285319-1,08%2F26%2F19-09%2F29%2F19
1285324-2,08%2F26%2F19-09%2F22%2F19
1285328-2,08%2F26%2F19-09%2F22%2F19
1285332-2,08%2F26%2F19-09%2F22%2F19
1285333-2,08%2F26%2F19-09%2F01%2F19
1285339-2,08%2F26%2F19-09%2F29%2F19
1285345-1,08%2F26%2F19-09%2F29%2F19
1285353-2,08%2F26%2F19-09%2F29%2F19
1285360-2,08%2F26%2F19-09%2F29%2F19
1306003-1,08%2F26%2F19-09%2F29%2F19
1332847-1,08%2F26%2F19-09%2F29%2F19
1332888-1,08%2F26%2F19-09%2F29%2F19
1332993-1,08%2F26%2F19-09%2F29%2F19
1252152-3,08%2F26%2F19-09%2F29%2F19
1256567-3,08%2F26%2F19-09%2F22%2F19
1256631-3,08%2F26%2F19-09%2F29%2F19
1263649-3,08%2F26%2F19-09%2F29%2F19
1272590-2,08%2F26%2F19-09%2F29%2F19
1272707-2,08%2F26%2F19-09%2F22%2F19
1272725-3,08%2F26%2F19-09%2F29%2F19
1284365-2,08%2F26%2F19-09%2F01%2F19
1284380-2,08%2F26%2F19-09%2F22%2F19
1284420-2,08%2F26%2F19-09%2F22%2F19
1284444-2,08%2F26%2F19-09%2F22%2F19
1284533-2,08%2F26%2F19-09%2F01%2F19
1284602-1,08%2F26%2F19-09%2F29%2F19
1284615-1,08%2F26%2F19-09%2F29%2F19
1285436-2,08%2F26%2F19-09%2F29%2F19
1292047-2,08%2F26%2F19-09%2F29%2F19
1305721-1,08%2F26%2F19-09%2F29%2F19
1312344-1,08%2F26%2F19-09%2F22%2F19
1312855-1,08%2F26%2F19-09%2F22%2F19
1330935-1,08%2F26%2F19-09%2F29%2F19
1330981-1,08%2F26%2F19-09%2F29%2F19
1255822-3,08%2F26%2F19-09%2F29%2F19
1257017-3,08%2F26%2F19-09%2F29%2F19
1257182-3,08%2F26%2F19-09%2F29%2F19
1257397-3,08%2F26%2F19-09%2F29%2F19
1257431-3,08%2F26%2F19-09%2F29%2F19
1257632-3,08%2F26%2F19-09%2F29%2F19
1258039-3,08%2F26%2F19-09%2F29%2F19
1258333-3,08%2F26%2F19-09%2F29%2F19
1266622-3,08%2F26%2F19-09%2F29%2F19
1266700-3,08%2F26%2F19-09%2F01%2F19
1266721-3,08%2F26%2F19-09%2F01%2F19
1266746-3,08%2F26%2F19-09%2F29%2F19
1267382-3,08%2F26%2F19-09%2F15%2F19
1270290-3,08%2F26%2F19-09%2F29%2F19
1272307-3,08%2F26%2F19-09%2F29%2F19
1278145-3,08%2F26%2F19-09%2F29%2F19
1283969-2,08%2F26%2F19-09%2F29%2F19
1300638-2,08%2F26%2F19-09%2F15%2F19
1301325-2,08%2F26%2F19-09%2F01%2F19
1305879-1,08%2F26%2F19-09%2F29%2F19
1305888-1,08%2F26%2F19-09%2F01%2F19
1307684-1,08%2F26%2F19-09%2F22%2F19
P1257369-3,08%2F26%2F19-09%2F29%2F19
P1258307-3,08%2F26%2F19-09%2F29%2F19
P1258422-3,08%2F26%2F19-09%2F22%2F19
P1258486-3,08%2F26%2F19-09%2F22%2F19
P1258668-3,08%2F26%2F19-09%2F22%2F19
P1258722-3,08%2F26%2F19-09%2F01%2F19
P1259139-3,08%2F26%2F19-09%2F29%2F19
P1259221-2,08%2F26%2F19-09%2F29%2F19
P1259432-3,08%2F26%2F19-09%2F29%2F19
P1259607-3,08%2F26%2F19-09%2F29%2F19
P1259999-2,08%2F26%2F19-09%2F29%2F19
P1260050-3,08%2F26%2F19-09%2F29%2F19
P1260089-3,08%2F26%2F19-09%2F29%2F19
P1261090-3,08%2F26%2F19-09%2F22%2F19
P1263417-3,08%2F26%2F19-09%2F29%2F19
P1266531-3,08%2F26%2F19-09%2F29%2F19
P1267070-3,08%2F26%2F19-09%2F29%2F19
P1272119-3,08%2F26%2F19-09%2F29%2F19
P1272245-2,08%2F26%2F19-09%2F22%2F19
P1272280-3,08%2F26%2F19-09%2F29%2F19
P1284323-2,08%2F26%2F19-09%2F01%2F19
P1291581-2,08%2F26%2F19-09%2F29%2F19
P1306835-1,08%2F26%2F19-09%2F29%2F19
P1312213-1,08%2F26%2F19-09%2F22%2F19
P1313107-1,08%2F26%2F19-09%2F22%2F19
P1330464-1,08%2F26%2F19-09%2F29%2F19
P1330497-1,08%2F26%2F19-09%2F29%2F19
P1330524-1,08%2F26%2F19-09%2F29%2F19
P259820-2,08%2F26%2F19-09%2F29%2F19
1252658-3,08%2F26%2F19-09%2F29%2F19
1255818-3,08%2F26%2F19-09%2F29%2F19
1255902-3,08%2F26%2F19-09%2F22%2F19
1255925-3,08%2F26%2F19-09%2F22%2F19
1256682-3,08%2F26%2F19-09%2F22%2F19
1256771-3,08%2F26%2F19-09%2F22%2F19
1256785-3,08%2F26%2F19-09%2F01%2F19
1256825-2,08%2F26%2F19-09%2F29%2F19
1258964-2,08%2F26%2F19-09%2F29%2F19
1259051-3,08%2F26%2F19-09%2F29%2F19
1259073-2,08%2F26%2F19-09%2F29%2F19
1259090-3,08%2F26%2F19-09%2F29%2F19
1259154-3,08%2F26%2F19-09%2F29%2F19
1259216-3,08%2F26%2F19-09%2F29%2F19
1259254-3,08%2F26%2F19-09%2F29%2F19
1263483-3,08%2F26%2F19-09%2F29%2F19
1266333-3,08%2F26%2F19-09%2F29%2F19
1267021-3,08%2F26%2F19-09%2F29%2F19
1272161-3,08%2F26%2F19-09%2F29%2F19
1272208-2,08%2F26%2F19-09%2F22%2F19
1272249-3,08%2F26%2F19-09%2F29%2F19
1283529-2,08%2F26%2F19-09%2F01%2F19
1291552-2,08%2F26%2F19-09%2F29%2F19
1305763-1,08%2F26%2F19-09%2F29%2F19
1312072-1,08%2F26%2F19-09%2F22%2F19
1312879-1,08%2F26%2F19-09%2F22%2F19
1330385-1,08%2F26%2F19-09%2F29%2F19
1330433-1,08%2F26%2F19-09%2F29%2F19
1330444-1,08%2F26%2F19-09%2F29%2F19
1255782-3,08%2F26%2F19-09%2F29%2F19
1255801-3,08%2F26%2F19-09%2F03%2F19
1284656-2,08%2F26%2F19-09%2F01%2F19
1300716-2,08%2F26%2F19-09%2F22%2F19
1312613-1,08%2F26%2F19-09%2F29%2F19
1257897-3,08%2F26%2F19-09%2F29%2F19
1260040-3,08%2F26%2F19-09%2F29%2F19
1261430-3,08%2F26%2F19-09%2F14%2F19
1261752-3,08%2F26%2F19-09%2F16%2F19
1261897-3,08%2F26%2F19-09%2F29%2F19
1285183-2,08%2F26%2F19-09%2F15%2F19
1302842-2,08%2F26%2F19-09%2F22%2F19
1313071-1,08%2F26%2F19-09%2F29%2F19
4563%20sp1-2,08%2F26%2F19-09%2F01%2F19
75158%20sp-2,08%2F26%2F19-09%2F22%2F19
75956%20sp-1,08%2F26%2F19-09%2F29%2F19
1255446-3,08%2F26%2F19-09%2F29%2F19
1255494-3,08%2F26%2F19-09%2F01%2F19
1255529-3,08%2F26%2F19-09%2F22%2F19
1255570-3,08%2F26%2F19-09%2F29%2F19
1255999-3,08%2F26%2F19-09%2F01%2F19
1256042-3,08%2F26%2F19-09%2F29%2F19
1256058-3,08%2F26%2F19-09%2F29%2F19
1284594-2,08%2F26%2F19-09%2F01%2F19
1300918-2,08%2F26%2F19-09%2F22%2F19
1262335-3,08%2F26%2F19-09%2F29%2F19
1264440-3,08%2F26%2F19-09%2F29%2F19
1264580-3,08%2F26%2F19-09%2F29%2F19
1264797-3,08%2F26%2F19-09%2F10%2F19
1266302-3,08%2F26%2F19-09%2F29%2F19
1266442-3,08%2F26%2F19-09%2F29%2F19
1266506-3,08%2F26%2F19-09%2F01%2F19
1285150-2,08%2F26%2F19-09%2F10%2F19
1301736-2,08%2F26%2F19-09%2F22%2F19
1313562-1,08%2F26%2F19-09%2F29%2F19
Q1253279-3,08%2F26%2F19-09%2F29%2F19
Q1254152-3,08%2F26%2F19-09%2F29%2F19
Q1254358-3,08%2F26%2F19-09%2F29%2F19
Q1254444-3,08%2F26%2F19-09%2F29%2F19
Q1254835-3,08%2F26%2F19-09%2F29%2F19
Q1255158-3,08%2F26%2F19-09%2F29%2F19
Q1255339-3,08%2F26%2F19-09%2F29%2F19
Q1255556-3,08%2F26%2F19-09%2F29%2F19
Q1266297-3,08%2F26%2F19-09%2F29%2F19
Q1266364-3,08%2F26%2F19-09%2F01%2F19
Q1266387-3,08%2F26%2F19-09%2F29%2F19
Q1266412-3,08%2F26%2F19-09%2F01%2F19
Q1266436-3,08%2F26%2F19-09%2F29%2F19
Q1267947-3,08%2F26%2F19-09%2F15%2F19
Q1270269-3,08%2F26%2F19-09%2F29%2F19
Q1272053-3,08%2F26%2F19-09%2F29%2F19
Q1278078-3,08%2F26%2F19-09%2F29%2F19
Q1284331-2,08%2F26%2F19-09%2F29%2F19
Q1300631-2,08%2F26%2F19-09%2F15%2F19
Q1301373-2,08%2F26%2F19-09%2F29%2F19
Q1306809-1,08%2F26%2F19-09%2F29%2F19
Q1306818-1,08%2F26%2F19-09%2F08%2F19
Q1306851-1,08%2F26%2F19-09%2F29%2F19
Q1308175-1,08%2F26%2F19-09%2F29%2F19
Q1312110-1,08%2F26%2F19-09%2F22%2F19
Q1329875-1,08%2F26%2F19-09%2F29%2F19
Q1330176-1,08%2F26%2F19-09%2F29%2F19
Q1330200-1,08%2F26%2F19-09%2F29%2F19
1269300-2,08%2F26%2F19-09%2F29%2F19
1269301-3,08%2F26%2F19-09%2F29%2F19
1269304-3,08%2F26%2F19-09%2F29%2F19
1269305-2,08%2F26%2F19-09%2F29%2F19
1269310-2,08%2F26%2F19-09%2F29%2F19
1269317-3,08%2F26%2F19-09%2F29%2F19
1269319-2,08%2F26%2F19-09%2F29%2F19
1269324-3,08%2F26%2F19-08%2F26%2F19
1273142-2,08%2F26%2F19-09%2F29%2F19
1273153-2,08%2F26%2F19-09%2F29%2F19
1273159-3,08%2F26%2F19-09%2F29%2F19
1273168-3,08%2F26%2F19-09%2F29%2F19
1273174-3,08%2F26%2F19-09%2F29%2F19
1273175-2,08%2F26%2F19-09%2F29%2F19
1273757-3,08%2F26%2F19-09%2F22%2F19
1273782-3,08%2F26%2F19-09%2F29%2F19
1273808-3,08%2F26%2F19-09%2F29%2F19
1278625-3,08%2F26%2F19-08%2F26%2F19
1259366-3,08%2F26%2F19-09%2F29%2F19
1260723-3,08%2F26%2F19-09%2F29%2F19
1260739-3,08%2F26%2F19-09%2F04%2F19
1260761-3,08%2F26%2F19-09%2F08%2F19
1260780-3,08%2F26%2F19-09%2F29%2F19
1260796-3,08%2F26%2F19-09%2F29%2F19
1284739-2,08%2F26%2F19-09%2F01%2F19
1313343-1,08%2F26%2F19-09%2F29%2F19
1256646-3,08%2F26%2F19-09%2F22%2F19
1257381-3,08%2F26%2F19-09%2F29%2F19
1264999-3,08%2F26%2F19-09%2F29%2F19
1265035-2,08%2F26%2F19-09%2F29%2F19
1265079-3,08%2F26%2F19-09%2F29%2F19
1265582-3,08%2F26%2F19-09%2F22%2F19
1265625-1,08%2F26%2F19-09%2F29%2F19
1273255-3,08%2F26%2F19-09%2F29%2F19
1283632-1,08%2F26%2F19-09%2F22%2F19
1284155-2,08%2F26%2F19-09%2F29%2F19
1292213-2,08%2F26%2F19-09%2F29%2F19
1306203-1,08%2F26%2F19-09%2F29%2F19
1306252-1,08%2F26%2F19-09%2F29%2F19
1312104-1,08%2F26%2F19-09%2F22%2F19
1312814-1,08%2F26%2F19-09%2F22%2F19
1323610-1,08%2F26%2F19-09%2F29%2F19
1332487-1,08%2F26%2F19-09%2F29%2F19
1332505-1,08%2F26%2F19-09%2F29%2F19
83533-2rv1,08%2F26%2F19-09%2F01%2F19
83611-2rv1,08%2F26%2F19-09%2F01%2F19
1254845-3,08%2F26%2F19-09%2F29%2F19
1255024-3,08%2F26%2F19-09%2F22%2F19
1255090-3,08%2F26%2F19-09%2F08%2F19
1255499-3,08%2F26%2F19-09%2F29%2F19
1255535-3,08%2F26%2F19-09%2F29%2F19
1255597-3,08%2F26%2F19-09%2F29%2F19
1255631-3,08%2F26%2F19-09%2F01%2F19
1284626-2,08%2F26%2F19-09%2F01%2F19
1300731-2,08%2F26%2F19-09%2F22%2F19
1312936-1,08%2F26%2F19-09%2F29%2F19
1256659-3,08%2F26%2F19-09%2F22%2F19
1257328-3,08%2F26%2F19-09%2F29%2F19
1265010-3,08%2F26%2F19-09%2F29%2F19
1265038-2,08%2F26%2F19-09%2F29%2F19
1265086-3,08%2F26%2F19-09%2F29%2F19
1265566-3,08%2F26%2F19-09%2F22%2F19
1265617-1,08%2F26%2F19-09%2F29%2F19
1273258-3,08%2F26%2F19-09%2F29%2F19
1283640-1,08%2F26%2F19-09%2F22%2F19
1284159-2,08%2F26%2F19-09%2F29%2F19
1292208-2,08%2F26%2F19-09%2F29%2F19
1306209-1,08%2F26%2F19-09%2F29%2F19
1306255-1,08%2F26%2F19-09%2F29%2F19
1312113-1,08%2F26%2F19-09%2F22%2F19
1312816-1,08%2F26%2F19-09%2F22%2F19
1323607-1,08%2F26%2F19-09%2F29%2F19
1332494-1,08%2F26%2F19-09%2F29%2F19
1332513-1,08%2F26%2F19-09%2F29%2F19
83536-2rv1,08%2F26%2F19-09%2F01%2F19
83614-2rv1,08%2F26%2F19-09%2F01%2F19
1254059-3,08%2F26%2F19-09%2F29%2F19
1254211-3,08%2F26%2F19-09%2F29%2F19
1254241-3,08%2F26%2F19-09%2F29%2F19
1254376-3,08%2F26%2F19-09%2F01%2F19
1254392-3,08%2F26%2F19-09%2F29%2F19
1258502-3,08%2F26%2F19-09%2F29%2F19
1258510-3,08%2F26%2F19-09%2F29%2F19
1258520-3,08%2F26%2F19-09%2F29%2F19
1258531-3,08%2F26%2F19-09%2F01%2F19
1258583-3,08%2F26%2F19-09%2F29%2F19
1254737-3,08%2F26%2F19-09%2F29%2F19
1254753-3,08%2F26%2F19-09%2F29%2F19
1254916-3,08%2F26%2F19-09%2F29%2F19
1255130-3,08%2F26%2F19-09%2F29%2F19
1256817-3,08%2F26%2F19-09%2F01%2F19
1257047-2,08%2F26%2F19-09%2F22%2F19
1257105-3,08%2F26%2F19-09%2F29%2F19
1258357-3,08%2F26%2F19-09%2F29%2F19
1258376-3,08%2F26%2F19-09%2F29%2F19
1258390-2,08%2F26%2F19-09%2F29%2F19
1258441-3,08%2F26%2F19-09%2F01%2F19
1258453-3,08%2F26%2F19-09%2F29%2F19
1258492-3,08%2F26%2F19-09%2F29%2F19
1258555-3,08%2F26%2F19-09%2F29%2F19
1258621-3,08%2F26%2F19-09%2F15%2F19
1258634-3,08%2F26%2F19-09%2F29%2F19
1258644-3,08%2F26%2F19-09%2F29%2F19
1260004-3,08%2F26%2F19-09%2F29%2F19
1267471-3,08%2F26%2F19-09%2F29%2F19
1267483-3,08%2F26%2F19-09%2F29%2F19
1267498-3,08%2F26%2F19-09%2F29%2F19
1267519-3,08%2F26%2F19-09%2F29%2F19
1272143-4,08%2F26%2F19-09%2F29%2F19
1272149-4,08%2F26%2F19-09%2F29%2F19
1272185-3,08%2F26%2F19-09%2F29%2F19
1272222-3,08%2F26%2F19-09%2F29%2F19
1277451-4,08%2F26%2F19-09%2F29%2F19
1277941-3,08%2F26%2F19-09%2F29%2F19
1277983-3,08%2F26%2F19-09%2F29%2F19
1277992-3,08%2F26%2F19-09%2F29%2F19
1283747-2,08%2F26%2F19-09%2F22%2F19
1283770-2,08%2F26%2F19-09%2F22%2F19
1283840-2,08%2F26%2F19-09%2F01%2F19
1289873-2,08%2F26%2F19-09%2F01%2F19
1289896-2,08%2F26%2F19-09%2F01%2F19
1301237-2,08%2F26%2F19-09%2F29%2F19
1301244-2,08%2F26%2F19-09%2F29%2F19
1305995-1,08%2F26%2F19-09%2F29%2F19
1305999-1,08%2F26%2F19-09%2F29%2F19
1312589-1,08%2F26%2F19-09%2F29%2F19
1312592-1,08%2F26%2F19-09%2F29%2F19
1312924-1,08%2F26%2F19-09%2F29%2F19
1323696-1,08%2F26%2F19-09%2F29%2F19
1323704-1,08%2F26%2F19-09%2F29%2F19
1329442-1,08%2F26%2F19-09%2F29%2F19
1329467-1,08%2F26%2F19-09%2F29%2F19
1329607-1,08%2F26%2F19-09%2F29%2F19
1329651-1,08%2F26%2F19-09%2F29%2F19
1329779-1,08%2F26%2F19-09%2F29%2F19
1329788-1,08%2F26%2F19-09%2F29%2F19
1254696-3,08%2F26%2F19-09%2F29%2F19
1257056-3,08%2F26%2F19-09%2F29%2F19
1258746-3,08%2F26%2F19-09%2F29%2F19
1258762-3,08%2F26%2F19-09%2F29%2F19
1259140-2,08%2F26%2F19-09%2F29%2F19
1259159-3,08%2F26%2F19-09%2F29%2F19
1265702-3,08%2F26%2F19-09%2F29%2F19
1277851-3,08%2F26%2F19-09%2F29%2F19
1277858-3,08%2F26%2F19-09%2F29%2F19
1283767-2,08%2F26%2F19-09%2F22%2F19
1300663-2,08%2F26%2F19-09%2F29%2F19
1301194-2,08%2F26%2F19-09%2F29%2F19
1306227-1,08%2F26%2F19-09%2F29%2F19
1306237-1,08%2F26%2F19-09%2F29%2F19
1312358-1,08%2F26%2F19-09%2F29%2F19
1312362-1,08%2F26%2F19-09%2F29%2F19
1323591-1,08%2F26%2F19-09%2F29%2F19
1323598-1,08%2F26%2F19-09%2F29%2F19
1329638-1,08%2F26%2F19-09%2F29%2F19
1329915-1,08%2F26%2F19-09%2F29%2F19
65730-3rv1,08%2F26%2F19-09%2F01%2F19
91969-2rv1,08%2F26%2F19-09%2F01%2F19
1278036-3,08%2F26%2F19-09%2F29%2F19
1278042-3,08%2F26%2F19-09%2F29%2F19
1263362-3,08%2F26%2F19-09%2F29%2F19
1263403-3,08%2F26%2F19-09%2F29%2F19
1263462-3,08%2F26%2F19-09%2F29%2F19
1263500-3,08%2F26%2F19-09%2F29%2F19
1263516-3,08%2F26%2F19-09%2F01%2F19
1263534-2,08%2F26%2F19-09%2F22%2F19
1263550-2,08%2F26%2F19-09%2F29%2F19
1263568-2,08%2F26%2F19-09%2F29%2F19
1263597-2,08%2F26%2F19-09%2F29%2F19
1263618-3,08%2F26%2F19-09%2F29%2F19
1263703-2,08%2F26%2F19-09%2F29%2F19
1263712-3,08%2F26%2F19-09%2F01%2F19
1263733-3,08%2F26%2F19-09%2F29%2F19
1263747-3,08%2F26%2F19-09%2F29%2F19
1263760-3,08%2F26%2F19-09%2F29%2F19
1263784-2,08%2F26%2F19-09%2F29%2F19
1263797-2,08%2F26%2F19-09%2F29%2F19
1263814-3,08%2F26%2F19-09%2F29%2F19
1263857-2,08%2F26%2F19-09%2F29%2F19
1265834-3,08%2F26%2F19-09%2F29%2F19
1265852-3,08%2F26%2F19-09%2F29%2F19
1267718-3,08%2F26%2F19-09%2F29%2F19
1267738-3,08%2F26%2F19-09%2F29%2F19
1271900-4,08%2F26%2F19-09%2F29%2F19
1271917-4,08%2F26%2F19-09%2F29%2F19
1278358-4,08%2F26%2F19-09%2F29%2F19
1302314-2,08%2F26%2F19-09%2F29%2F19
1302322-2,08%2F26%2F19-09%2F29%2F19
1302338-2,08%2F26%2F19-09%2F29%2F19
1302341-2,08%2F26%2F19-09%2F01%2F19
1302362-2,08%2F26%2F19-09%2F01%2F19
1305969-1,08%2F26%2F19-09%2F29%2F19
1305979-1,08%2F26%2F19-09%2F29%2F19
1314020-1,08%2F26%2F19-09%2F29%2F19
1325306-1,08%2F26%2F19-09%2F29%2F19
1325308-1,08%2F26%2F19-09%2F29%2F19
1329177-1,08%2F26%2F19-09%2F29%2F19
1332095-1,08%2F26%2F19-09%2F29%2F19
1332117-1,08%2F26%2F19-09%2F29%2F19
1332193-1,08%2F26%2F19-09%2F29%2F19
1332198-1,08%2F26%2F19-09%2F29%2F19
1332251-1,08%2F26%2F19-09%2F29%2F19
1259153-3,08%2F26%2F19-09%2F29%2F19
1259419-3,08%2F26%2F19-09%2F29%2F19
1259871-3,08%2F26%2F19-09%2F29%2F19
1259914-3,08%2F26%2F19-09%2F29%2F19
1259926-3,08%2F26%2F19-09%2F29%2F19
1259942-3,08%2F26%2F19-09%2F01%2F19
1259952-3,08%2F26%2F19-09%2F29%2F19
1259982-2,08%2F26%2F19-09%2F29%2F19
1260011-3,08%2F26%2F19-09%2F29%2F19
1265524-3,08%2F26%2F19-09%2F29%2F19
1265601-3,08%2F26%2F19-09%2F29%2F19
1273652-3,08%2F26%2F19-09%2F29%2F19
1274264-4,08%2F26%2F19-09%2F29%2F19
1278891-3,08%2F26%2F19-09%2F29%2F19
1278906-3,08%2F26%2F19-09%2F29%2F19
1283575-2,08%2F26%2F19-09%2F22%2F19
1290342-2,08%2F26%2F19-09%2F01%2F19
1301386-2,08%2F26%2F19-09%2F29%2F19
1305844-1,08%2F26%2F19-09%2F29%2F19
1312341-1,08%2F26%2F19-09%2F29%2F19
1323447-1,08%2F26%2F19-09%2F29%2F19
1329789-1,08%2F26%2F19-09%2F29%2F19
1329833-1,08%2F26%2F19-09%2F29%2F19
1330374-1,08%2F26%2F19-09%2F29%2F19
1257879-3,08%2F26%2F19-09%2F29%2F19
1257936-3,08%2F26%2F19-09%2F01%2F19
1258013-3,08%2F26%2F19-09%2F29%2F19
1258071-3,08%2F26%2F19-09%2F29%2F19
1258369-3,08%2F26%2F19-09%2F29%2F19
1258902-3,08%2F26%2F19-09%2F29%2F19
1259010-3,08%2F26%2F19-09%2F29%2F19
1259043-3,08%2F26%2F19-09%2F01%2F19
1259166-3,08%2F26%2F19-09%2F08%2F19
1259278-3,08%2F26%2F19-09%2F29%2F19
1259331-3,08%2F26%2F19-09%2F08%2F19
1259429-3,08%2F26%2F19-09%2F08%2F19
1259495-2,08%2F26%2F19-09%2F08%2F19
1259603-3,08%2F26%2F19-09%2F29%2F19
1265619-2,08%2F26%2F19-09%2F08%2F19
1272647-2,08%2F26%2F19-09%2F08%2F19
1283721-2,08%2F26%2F19-09%2F08%2F19
1283745-2,08%2F26%2F19-09%2F08%2F19
1291159-2,08%2F26%2F19-09%2F01%2F19
1302274-1,08%2F26%2F19-09%2F08%2F19
1302276-1,08%2F26%2F19-09%2F08%2F19
1306183-1,08%2F26%2F19-09%2F08%2F19
1306383-1,08%2F26%2F19-09%2F08%2F19
1312369-1,08%2F26%2F19-09%2F29%2F19
1312381-1,08%2F26%2F19-09%2F29%2F19
1285352-2,08%2F26%2F19-09%2F29%2F19
1285373-2,08%2F26%2F19-09%2F29%2F19
1285391-2,08%2F26%2F19-09%2F22%2F19
1285395-2,08%2F26%2F19-09%2F01%2F19
1285418-2,08%2F26%2F19-09%2F29%2F19
1285429-2,08%2F26%2F19-09%2F29%2F19
1285453-2,08%2F26%2F19-09%2F29%2F19
1285474-2,08%2F26%2F19-09%2F01%2F19
1285486-2,08%2F26%2F19-09%2F29%2F19
1285496-2,08%2F26%2F19-09%2F29%2F19
1285504-2,08%2F26%2F19-09%2F29%2F19
1285763-2,08%2F26%2F19-09%2F29%2F19
1289942-2,08%2F26%2F19-09%2F01%2F19
1305714-1,08%2F26%2F19-09%2F29%2F19
1313245-1,08%2F26%2F19-09%2F29%2F19
1313331-1,08%2F26%2F19-09%2F29%2F19
1323832-1,08%2F26%2F19-09%2F26%2F19
1323850-1,08%2F26%2F19-09%2F29%2F19
1329956-1,08%2F26%2F19-09%2F29%2F19
1329969-1,08%2F26%2F19-09%2F29%2F19
1255391-3,08%2F26%2F19-09%2F29%2F19
1255958-3,08%2F26%2F19-09%2F29%2F19
1256981-3,08%2F26%2F19-09%2F29%2F19
1257042-3,08%2F26%2F19-09%2F29%2F19
1257097-3,08%2F26%2F19-09%2F01%2F19
1257179-2,08%2F26%2F19-09%2F22%2F19
1257517-3,08%2F26%2F19-09%2F29%2F19
1257572-3,08%2F26%2F19-09%2F29%2F19
1258042-3,08%2F26%2F19-09%2F29%2F19
1259460-3,08%2F26%2F19-09%2F29%2F19
1259521-3,08%2F26%2F19-09%2F29%2F19
1259608-3,08%2F26%2F19-09%2F29%2F19
1259672-3,08%2F26%2F19-09%2F29%2F19
1259756-3,08%2F26%2F19-09%2F29%2F19
1259875-3,08%2F26%2F19-09%2F29%2F19
1259923-2,08%2F26%2F19-09%2F29%2F19
1260048-3,08%2F26%2F19-09%2F29%2F19
1260103-3,08%2F26%2F19-09%2F29%2F19
1265819-3,08%2F26%2F19-09%2F29%2F19
1265891-3,08%2F26%2F19-09%2F29%2F19
1265908-3,08%2F26%2F19-09%2F29%2F19
1265924-3,08%2F26%2F19-09%2F29%2F19
1272129-3,08%2F26%2F19-09%2F29%2F19
1272162-3,08%2F26%2F19-09%2F29%2F19
1272183-3,08%2F26%2F19-09%2F29%2F19
1272226-3,08%2F26%2F19-09%2F29%2F19
1278017-3,08%2F26%2F19-09%2F29%2F19
1278548-3,08%2F26%2F19-09%2F29%2F19
1278560-3,08%2F26%2F19-09%2F29%2F19
1278583-3,08%2F26%2F19-09%2F29%2F19
1284814-2,08%2F26%2F19-09%2F22%2F19
1284822-2,08%2F26%2F19-09%2F22%2F19
1285057-2,08%2F26%2F19-09%2F01%2F19
1291231-2,08%2F26%2F19-09%2F01%2F19
1291260-2,08%2F26%2F19-09%2F01%2F19
1302342-2,08%2F26%2F19-09%2F29%2F19
1302351-2,08%2F26%2F19-09%2F29%2F19
1309033-1,08%2F26%2F19-09%2F29%2F19
1309047-1,08%2F26%2F19-09%2F29%2F19
1314321-1,08%2F26%2F19-09%2F29%2F19
1314330-1,08%2F26%2F19-09%2F29%2F19
1325331-1,08%2F26%2F19-09%2F29%2F19
1325349-1,08%2F26%2F19-09%2F29%2F19
1329868-1,08%2F26%2F19-09%2F29%2F19
1329881-1,08%2F26%2F19-09%2F29%2F19
1329898-1,08%2F26%2F19-09%2F29%2F19
1329902-1,08%2F26%2F19-09%2F29%2F19
1329930-1,08%2F26%2F19-09%2F29%2F19
1331555-1,08%2F26%2F19-09%2F29%2F19
1258781-3,08%2F26%2F19-09%2F29%2F19
1255493-3,08%2F26%2F19-09%2F29%2F19
1271954-3,08%2F26%2F19-09%2F29%2F19
1272016-3,08%2F26%2F19-09%2F29%2F19
1272055-2,08%2F26%2F19-09%2F29%2F19
1272067-3,08%2F26%2F19-09%2F29%2F19
1272214-1,08%2F26%2F19-09%2F29%2F19
1272257-2,08%2F26%2F19-09%2F22%2F19
1272298-3,08%2F26%2F19-09%2F29%2F19
1272327-3,08%2F26%2F19-09%2F29%2F19
1272423-3,08%2F26%2F19-09%2F29%2F19
1272441-3,08%2F26%2F19-09%2F29%2F19
1272464-3,08%2F26%2F19-09%2F22%2F19
1272501-3,08%2F26%2F19-09%2F22%2F19
1272516-3,08%2F26%2F19-09%2F22%2F19
1272531-3,08%2F26%2F19-09%2F22%2F19
1272554-3,08%2F26%2F19-09%2F01%2F19
1272617-3,08%2F26%2F19-09%2F29%2F19
1279771-3,08%2F26%2F19-09%2F29%2F19
1279814-3,08%2F26%2F19-09%2F29%2F19
1283801-2,08%2F26%2F19-09%2F01%2F19
1293323-2,08%2F26%2F19-09%2F29%2F19
1306103-1,08%2F26%2F19-09%2F29%2F19
1331262-1,08%2F26%2F19-09%2F29%2F19
1331285-1,08%2F26%2F19-09%2F29%2F19
1331315-1,08%2F26%2F19-09%2F29%2F19
1257749-3,08%2F26%2F19-09%2F29%2F19
1257838-3,08%2F26%2F19-09%2F29%2F19
1257890-3,08%2F26%2F19-09%2F01%2F19
1257928-3,08%2F26%2F19-09%2F29%2F19
1257957-3,08%2F26%2F19-09%2F29%2F19
1257988-3,08%2F26%2F19-09%2F29%2F19
1258011-3,08%2F26%2F19-09%2F29%2F19
1258030-3,08%2F26%2F19-09%2F29%2F19
1265494-3,08%2F26%2F19-09%2F29%2F19
1265503-3,08%2F26%2F19-09%2F29%2F19
1265523-3,08%2F26%2F19-09%2F29%2F19
1265526-3,08%2F26%2F19-09%2F29%2F19
1272005-3,08%2F26%2F19-09%2F29%2F19
1272017-4,08%2F26%2F19-09%2F29%2F19
1272026-4,08%2F26%2F19-09%2F29%2F19
1277540-4,08%2F26%2F19-09%2F29%2F19
1277880-3,08%2F26%2F19-09%2F29%2F19
1277883-3,08%2F26%2F19-09%2F29%2F19
1277887-3,08%2F26%2F19-09%2F29%2F19
1277896-3,08%2F26%2F19-09%2F29%2F19
1283519-2,08%2F26%2F19-09%2F22%2F19
1283524-2,08%2F26%2F19-09%2F22%2F19
1283853-2,08%2F26%2F19-09%2F01%2F19
1289881-2,08%2F26%2F19-09%2F01%2F19
1289882-2,08%2F26%2F19-09%2F01%2F19
1301170-2,08%2F26%2F19-09%2F29%2F19
1301171-2,08%2F26%2F19-09%2F29%2F19
1305722-1,08%2F26%2F19-09%2F29%2F19
1305724-1,08%2F26%2F19-09%2F29%2F19
1312244-1,08%2F26%2F19-09%2F29%2F19
1312247-1,08%2F26%2F19-09%2F29%2F19
1323347-1,08%2F26%2F19-09%2F29%2F19
1323558-1,08%2F26%2F19-09%2F29%2F19
1323562-1,08%2F26%2F19-09%2F29%2F19
1323565-1,08%2F26%2F19-09%2F29%2F19
1323678-1,08%2F26%2F19-09%2F29%2F19
1323705-1,08%2F26%2F19-09%2F29%2F19
1323824-1,08%2F26%2F19-09%2F22%2F19
1323848-1,08%2F26%2F19-09%2F29%2F19
1329292-1,08%2F26%2F19-09%2F29%2F19
1329519-1,08%2F26%2F19-09%2F29%2F19
1329613-1,08%2F26%2F19-09%2F29%2F19
1329654-1,08%2F26%2F19-09%2F29%2F19
1329757-1,08%2F26%2F19-09%2F29%2F19
1330896-1,08%2F26%2F19-09%2F29%2F19
1257462-3,08%2F26%2F19-09%2F29%2F19
1257645-3,08%2F26%2F19-09%2F29%2F19
1257855-3,08%2F26%2F19-09%2F29%2F19
1261318-3,08%2F26%2F19-09%2F29%2F19
1261335-3,08%2F26%2F19-09%2F29%2F19
1261354-3,08%2F26%2F19-09%2F01%2F19
1261945-2,08%2F26%2F19-09%2F22%2F19
1263481-3,08%2F26%2F19-09%2F01%2F19
1263571-3,08%2F26%2F19-09%2F29%2F19
1263979-3,08%2F26%2F19-09%2F29%2F19
1263981-3,08%2F26%2F19-09%2F29%2F19
1263988-3,08%2F26%2F19-09%2F29%2F19
1263994-3,08%2F26%2F19-09%2F29%2F19
1264012-3,08%2F26%2F19-09%2F29%2F19
1264022-2,08%2F26%2F19-09%2F29%2F19
1264043-3,08%2F26%2F19-09%2F29%2F19
1265932-3,08%2F26%2F19-09%2F29%2F19
1265939-3,08%2F26%2F19-09%2F29%2F19
1265945-3,08%2F26%2F19-09%2F29%2F19
1265949-3,08%2F26%2F19-09%2F29%2F19
1271854-3,08%2F26%2F19-09%2F29%2F19
1271858-3,08%2F26%2F19-09%2F29%2F19
1271867-3,08%2F26%2F19-09%2F29%2F19
1277847-3,08%2F26%2F19-09%2F29%2F19
1277882-3,08%2F26%2F19-09%2F29%2F19
1277894-3,08%2F26%2F19-09%2F29%2F19
1277901-3,08%2F26%2F19-09%2F29%2F19
1281522-2,08%2F26%2F19-09%2F29%2F19
1285551-2,08%2F26%2F19-09%2F01%2F19
1286837-2,08%2F26%2F19-09%2F22%2F19
1286958-2,08%2F26%2F19-09%2F22%2F19
1291360-2,08%2F26%2F19-09%2F01%2F19
1303548-2,08%2F26%2F19-09%2F29%2F19
1303562-2,08%2F26%2F19-09%2F29%2F19
1305867-1,08%2F26%2F19-09%2F29%2F19
1315986-1,08%2F26%2F19-09%2F29%2F19
1323731-1,08%2F26%2F19-09%2F29%2F19
1323875-1,08%2F26%2F19-09%2F29%2F19
1329392-1,08%2F26%2F19-09%2F29%2F19
1329550-1,08%2F26%2F19-09%2F29%2F19
1329968-1,08%2F26%2F19-09%2F29%2F19
1330297-1,08%2F26%2F19-09%2F29%2F19
1330309-1,08%2F26%2F19-09%2F29%2F19
1330313-1,08%2F26%2F19-09%2F29%2F19
1257049-3,08%2F26%2F19-09%2F27%2F19
1257129-3,08%2F26%2F19-09%2F27%2F19
1257391-3,08%2F26%2F19-09%2F27%2F19
1257798-3,08%2F26%2F19-09%2F27%2F19
1257828-3,08%2F26%2F19-09%2F27%2F19
1257981-3,08%2F26%2F19-09%2F27%2F19
1258022-3,08%2F26%2F19-09%2F27%2F19
1258051-3,08%2F26%2F19-08%2F30%2F19
1258656-2,08%2F26%2F19-09%2F20%2F19
1258671-3,08%2F26%2F19-09%2F29%2F19
1258691-3,08%2F26%2F19-09%2F29%2F19
1258715-3,08%2F26%2F19-09%2F29%2F19
1258769-3,08%2F26%2F19-09%2F29%2F19
1258826-3,08%2F26%2F19-09%2F29%2F19
1258862-3,08%2F26%2F19-09%2F01%2F19
1259570-3,08%2F26%2F19-09%2F29%2F19
1259605-2,08%2F26%2F19-09%2F29%2F19
1259646-3,08%2F26%2F19-09%2F29%2F19
1265435-3,08%2F26%2F19-09%2F27%2F19
1265458-3,08%2F26%2F19-09%2F29%2F19
1265472-3,08%2F26%2F19-09%2F27%2F19
1265485-3,08%2F26%2F19-09%2F29%2F19
1272170-3,08%2F26%2F19-09%2F27%2F19
1272187-3,08%2F26%2F19-09%2F29%2F19
1272193-3,08%2F26%2F19-09%2F06%2F19
1272193-4,09%2F07%2F19-09%2F27%2F19
1272201-3,08%2F26%2F19-09%2F08%2F19
1272201-4,09%2F09%2F19-09%2F29%2F19
1278158-3,08%2F26%2F19-09%2F29%2F19
1278243-3,08%2F26%2F19-09%2F29%2F19
1278249-3,08%2F26%2F19-09%2F29%2F19
1278251-3,08%2F26%2F19-09%2F29%2F19
1283549-2,08%2F26%2F19-09%2F22%2F19
1283708-2,08%2F26%2F19-09%2F20%2F19
1284377-2,08%2F26%2F19-08%2F30%2F19
1291070-2,08%2F26%2F19-08%2F30%2F19
1291077-2,08%2F26%2F19-09%2F01%2F19
1301432-2,08%2F26%2F19-09%2F27%2F19
1301441-2,08%2F26%2F19-09%2F29%2F19
1306861-1,08%2F26%2F19-09%2F27%2F19
1306901-1,08%2F26%2F19-09%2F29%2F19
1313030-1,08%2F26%2F19-09%2F29%2F19
1313047-1,08%2F26%2F19-09%2F27%2F19
1324911-1,08%2F26%2F19-09%2F27%2F19
1324922-1,08%2F26%2F19-09%2F29%2F19
1329581-1,08%2F26%2F19-09%2F29%2F19
1329592-1,08%2F26%2F19-09%2F29%2F19
1329608-1,08%2F26%2F19-09%2F29%2F19
1330216-1,08%2F26%2F19-09%2F27%2F19
1331100-1,08%2F26%2F19-09%2F27%2F19
1331221-1,08%2F26%2F19-09%2F27%2F19
1256630-3,08%2F26%2F19-09%2F22%2F19
1257408-3,08%2F26%2F19-09%2F29%2F19
1265020-3,08%2F26%2F19-09%2F29%2F19
1265040-2,08%2F26%2F19-09%2F29%2F19
1265094-3,08%2F26%2F19-09%2F29%2F19
1265586-3,08%2F26%2F19-09%2F22%2F19
1265632-1,08%2F26%2F19-09%2F29%2F19
1273262-3,08%2F26%2F19-09%2F29%2F19
1283649-1,08%2F26%2F19-09%2F22%2F19
1284167-2,08%2F26%2F19-09%2F29%2F19
1292203-2,08%2F26%2F19-09%2F29%2F19
1306218-1,08%2F26%2F19-09%2F29%2F19
1306259-1,08%2F26%2F19-09%2F29%2F19
1312117-1,08%2F26%2F19-09%2F22%2F19
1312821-1,08%2F26%2F19-09%2F22%2F19
1323616-1,08%2F26%2F19-09%2F29%2F19
1332497-1,08%2F26%2F19-09%2F29%2F19
1332518-1,08%2F26%2F19-09%2F29%2F19
1261887-3,08%2F26%2F19-09%2F29%2F19
1261907-3,08%2F26%2F19-09%2F29%2F19
1261933-3,08%2F26%2F19-09%2F29%2F19
1261995-3,08%2F26%2F19-09%2F29%2F19
1262024-2,08%2F26%2F19-09%2F29%2F19
1266218-3,08%2F26%2F19-09%2F29%2F19
1272583-3,08%2F26%2F19-09%2F29%2F19
1272611-3,08%2F26%2F19-09%2F29%2F19
1290308-2,08%2F26%2F19-09%2F01%2F19
1301256-2,08%2F26%2F19-09%2F29%2F19
1305869-1,08%2F26%2F19-09%2F29%2F19
1315442-1,08%2F26%2F19-09%2F29%2F19
1324077-1,08%2F26%2F19-09%2F29%2F19
1324086-1,08%2F26%2F19-09%2F22%2F19
1329852-1,08%2F26%2F19-09%2F29%2F19
1330392-1,08%2F26%2F19-09%2F29%2F19
1330408-1,08%2F26%2F19-09%2F29%2F19
1269925-3,08%2F26%2F19-09%2F29%2F19
1269939-3,08%2F26%2F19-09%2F29%2F19
1270150-3,08%2F26%2F19-09%2F29%2F19
1270186-3,08%2F26%2F19-09%2F29%2F19
1270193-3,08%2F26%2F19-09%2F01%2F19
1270228-3,08%2F26%2F19-09%2F29%2F19
1270240-3,08%2F26%2F19-09%2F29%2F19
1270247-3,08%2F26%2F19-09%2F29%2F19
1270252-3,08%2F26%2F19-09%2F29%2F19
1281527-3,08%2F26%2F19-09%2F29%2F19
1281555-3,08%2F26%2F19-09%2F29%2F19
1282896-3,08%2F26%2F19-09%2F29%2F19
1282904-3,08%2F26%2F19-09%2F29%2F19
1287154-2,08%2F26%2F19-09%2F29%2F19
1287183-2,08%2F26%2F19-09%2F22%2F19
1321178-1,08%2F26%2F19-09%2F29%2F19
1328359-1,08%2F26%2F19-09%2F29%2F19
1300824-1,08%2F26%2F19-09%2F08%2F19
1300861-1,08%2F26%2F19-09%2F05%2F19
1300881-1,08%2F26%2F19-09%2F01%2F19
1300899-1,08%2F26%2F19-09%2F01%2F19
1302498-1,08%2F26%2F19-09%2F01%2F19
1306556-1,08%2F26%2F19-09%2F05%2F19
1306571-1,08%2F26%2F19-09%2F05%2F19
1258568-3,08%2F26%2F19-09%2F29%2F19
1258991-3,08%2F26%2F19-09%2F29%2F19
1258996-3,08%2F26%2F19-09%2F29%2F19
1259007-3,08%2F26%2F19-09%2F29%2F19
1259012-3,08%2F26%2F19-09%2F01%2F19
1259018-3,08%2F26%2F19-09%2F29%2F19
1259025-3,08%2F26%2F19-09%2F29%2F19
1266230-3,08%2F26%2F19-09%2F29%2F19
1266271-3,08%2F26%2F19-09%2F29%2F19
1272176-3,08%2F26%2F19-09%2F29%2F19
1272195-3,08%2F26%2F19-09%2F29%2F19
1278402-3,08%2F26%2F19-09%2F29%2F19
1278409-3,08%2F26%2F19-09%2F29%2F19
1283501-2,08%2F26%2F19-09%2F22%2F19
1283836-2,08%2F26%2F19-09%2F01%2F19
1290853-2,08%2F26%2F19-09%2F01%2F19
1302328-2,08%2F26%2F19-09%2F29%2F19
1305855-1,08%2F26%2F19-09%2F29%2F19
1312992-1,08%2F26%2F19-09%2F29%2F19
1324045-1,08%2F26%2F19-09%2F22%2F19
1330323-1,08%2F26%2F19-09%2F29%2F19
1330326-1,08%2F26%2F19-09%2F29%2F19
1330390-1,08%2F26%2F19-09%2F29%2F19
1255525-3,08%2F26%2F19-09%2F01%2F19
1255606-3,08%2F26%2F19-09%2F29%2F19
1255665-3,08%2F26%2F19-09%2F29%2F19
1255712-3,08%2F26%2F19-09%2F29%2F19
1277921-3,08%2F26%2F19-09%2F29%2F19
1283741-2,08%2F26%2F19-09%2F22%2F19
1900116-3,08%2F26%2F19-09%2F29%2F19
1900241-3,08%2F26%2F19-09%2F29%2F19
1901143-3,08%2F26%2F19-09%2F29%2F19
1901255-3,08%2F26%2F19-09%2F29%2F19
1907381-2,08%2F26%2F19-09%2F29%2F19
1910542-2,08%2F26%2F19-09%2F22%2F19
1916424-1,08%2F26%2F19-09%2F15%2F19
1916781-1,08%2F26%2F19-09%2F22%2F19
1917411-1,08%2F26%2F19-09%2F15%2F19
1919833-1,08%2F26%2F19-09%2F29%2F19
1919884-1,08%2F26%2F19-09%2F29%2F19
1301053-2,08%2F26%2F19-09%2F22%2F19
1252564-3,08%2F26%2F19-09%2F29%2F19
1257603-3,08%2F26%2F19-09%2F29%2F19
1258247-3,08%2F26%2F19-09%2F29%2F19
1258276-3,08%2F26%2F19-09%2F29%2F19
1258308-3,08%2F26%2F19-09%2F29%2F19
1258536-2,08%2F26%2F19-09%2F22%2F19
1258563-3,08%2F26%2F19-09%2F01%2F19
1258588-3,08%2F26%2F19-09%2F29%2F19
1258599-3,08%2F26%2F19-09%2F29%2F19
1258612-3,08%2F26%2F19-09%2F29%2F19
1261140-3,08%2F26%2F19-09%2F29%2F19
1261150-2,08%2F26%2F19-09%2F29%2F19
1261188-3,08%2F26%2F19-09%2F29%2F19
1261211-3,08%2F26%2F19-09%2F29%2F19
1261220-3,08%2F26%2F19-09%2F29%2F19
1261245-3,08%2F26%2F19-09%2F29%2F19
1261256-3,08%2F26%2F19-09%2F29%2F19
1266452-3,08%2F26%2F19-09%2F29%2F19
1266463-3,08%2F26%2F19-09%2F29%2F19
1266475-3,08%2F26%2F19-09%2F29%2F19
1266487-3,08%2F26%2F19-09%2F29%2F19
1271962-3,08%2F26%2F19-09%2F29%2F19
1272012-3,08%2F26%2F19-09%2F29%2F19
1272413-3,08%2F26%2F19-09%2F29%2F19
1272434-3,08%2F26%2F19-09%2F08%2F19
1272434-4,09%2F09%2F19-09%2F29%2F19
1277933-3,08%2F26%2F19-09%2F27%2F19
1278191-3,08%2F26%2F19-09%2F29%2F19
1278386-3,08%2F26%2F19-09%2F29%2F19
1278391-3,08%2F26%2F19-09%2F29%2F19
1278410-3,08%2F26%2F19-09%2F29%2F19
1284439-2,08%2F26%2F19-09%2F22%2F19
1284539-2,08%2F26%2F19-09%2F22%2F19
1290705-2,08%2F26%2F19-09%2F01%2F19
1290773-2,08%2F26%2F19-09%2F01%2F19
1303065-2,08%2F26%2F19-09%2F29%2F19
1303071-2,08%2F26%2F19-09%2F29%2F19
1307559-1,08%2F26%2F19-09%2F29%2F19
1307615-1,08%2F26%2F19-09%2F29%2F19
1313853-1,08%2F26%2F19-09%2F29%2F19
1314409-1,08%2F26%2F19-09%2F29%2F19
1325326-1,08%2F26%2F19-09%2F29%2F19
1325436-1,08%2F26%2F19-09%2F29%2F19
1331826-1,08%2F26%2F19-09%2F29%2F19
1331859-1,08%2F26%2F19-09%2F29%2F19
1331927-1,08%2F26%2F19-09%2F29%2F19
1331952-1,08%2F26%2F19-09%2F29%2F19
1332745-1,08%2F26%2F19-09%2F29%2F19
1332806-1,08%2F26%2F19-09%2F29%2F19
61274-3rv1,08%2F26%2F19-09%2F01%2F19
84379-2rv1,08%2F26%2F19-09%2F01%2F19
1283391-2,08%2F26%2F19-09%2F01%2F19
1283404-2,08%2F26%2F19-09%2F01%2F19
1283416-2,08%2F26%2F19-09%2F01%2F19
1283428-2,08%2F26%2F19-09%2F01%2F19
1283431-2,08%2F26%2F19-09%2F01%2F19
1283445-2,08%2F26%2F19-09%2F01%2F19
1900121-3,08%2F26%2F19-09%2F29%2F19
1900245-3,08%2F26%2F19-09%2F29%2F19
1901139-3,08%2F26%2F19-09%2F29%2F19
1901257-3,08%2F26%2F19-09%2F29%2F19
1907384-2,08%2F26%2F19-09%2F29%2F19
1910545-2,08%2F26%2F19-09%2F22%2F19
1916427-1,08%2F26%2F19-09%2F15%2F19
1916793-1,08%2F26%2F19-09%2F22%2F19
1917414-1,08%2F26%2F19-09%2F15%2F19
1919836-1,08%2F26%2F19-09%2F29%2F19
1919887-1,08%2F26%2F19-09%2F29%2F19
1255672-3,08%2F26%2F19-09%2F29%2F19
1255764-3,08%2F26%2F19-09%2F29%2F19
1257123-3,08%2F26%2F19-09%2F22%2F19
1257307-3,08%2F26%2F19-09%2F22%2F19
1257464-3,08%2F26%2F19-09%2F22%2F19
1257552-3,08%2F26%2F19-09%2F22%2F19
1259163-3,08%2F26%2F19-09%2F29%2F19
1259245-3,08%2F26%2F19-09%2F29%2F19
1259275-2,08%2F26%2F19-09%2F29%2F19
1259798-2,08%2F26%2F19-09%2F29%2F19
1259832-3,08%2F26%2F19-09%2F29%2F19
1259853-3,08%2F26%2F19-09%2F29%2F19
1259868-2,08%2F26%2F19-09%2F29%2F19
1259874-3,08%2F26%2F19-09%2F01%2F19
1263412-3,08%2F26%2F19-09%2F29%2F19
1266969-3,08%2F26%2F19-09%2F29%2F19
1267038-3,08%2F26%2F19-09%2F29%2F19
1273930-3,08%2F26%2F19-09%2F29%2F19
1273936-2,08%2F26%2F19-09%2F22%2F19
1273946-3,08%2F26%2F19-09%2F29%2F19
1283845-2,08%2F26%2F19-09%2F01%2F19
1292525-2,08%2F26%2F19-09%2F29%2F19
1305980-1,08%2F26%2F19-09%2F29%2F19
1313489-1,08%2F26%2F19-09%2F22%2F19
1313747-1,08%2F26%2F19-09%2F22%2F19
1330398-1,08%2F26%2F19-09%2F29%2F19
1330861-1,08%2F26%2F19-09%2F29%2F19
1331396-1,08%2F26%2F19-09%2F29%2F19
1255730-3,08%2F26%2F19-09%2F29%2F19
1255756-3,08%2F26%2F19-09%2F29%2F19
1255938-3,08%2F26%2F19-09%2F29%2F19
1255960-3,08%2F26%2F19-09%2F29%2F19
1255976-3,08%2F26%2F19-09%2F01%2F19
1256015-2,08%2F26%2F19-09%2F22%2F19
1256024-3,08%2F26%2F19-09%2F29%2F19
1256797-3,08%2F26%2F19-09%2F29%2F19
1257701-3,08%2F26%2F19-09%2F29%2F19
1257725-3,08%2F26%2F19-09%2F29%2F19
1257755-3,08%2F26%2F19-09%2F29%2F19
1257792-3,08%2F26%2F19-09%2F29%2F19
1257867-3,08%2F26%2F19-09%2F01%2F19
1257926-3,08%2F26%2F19-09%2F29%2F19
1257969-2,08%2F26%2F19-09%2F29%2F19
1258003-3,08%2F26%2F19-09%2F29%2F19
1265711-3,08%2F26%2F19-09%2F29%2F19
1265720-3,08%2F26%2F19-09%2F29%2F19
1265742-3,08%2F26%2F19-09%2F29%2F19
1271820-3,08%2F26%2F19-09%2F29%2F19
1271831-3,08%2F26%2F19-09%2F29%2F19
1271841-3,08%2F26%2F19-09%2F29%2F19
1272062-3,08%2F26%2F19-09%2F29%2F19
1272071-3,08%2F26%2F19-09%2F29%2F19
1278399-3,08%2F26%2F19-09%2F29%2F19
1278416-3,08%2F26%2F19-09%2F29%2F19
1278422-3,08%2F26%2F19-09%2F29%2F19
1278426-3,08%2F26%2F19-09%2F29%2F19
1283875-2,08%2F26%2F19-09%2F22%2F19
1283884-2,08%2F26%2F19-09%2F22%2F19
1283908-2,08%2F26%2F19-09%2F01%2F19
1290141-2,08%2F26%2F19-09%2F01%2F19
1290150-2,08%2F26%2F19-09%2F01%2F19
1301453-2,08%2F26%2F19-09%2F29%2F19
1301459-2,08%2F26%2F19-09%2F29%2F19
1305976-1,08%2F26%2F19-09%2F29%2F19
1305982-1,08%2F26%2F19-09%2F29%2F19
1312884-1,08%2F26%2F19-09%2F29%2F19
1312891-1,08%2F26%2F19-09%2F29%2F19
1326195-1,08%2F26%2F19-09%2F29%2F19
1326199-1,08%2F26%2F19-09%2F29%2F19
1329678-1,08%2F26%2F19-09%2F29%2F19
1329933-1,08%2F26%2F19-09%2F29%2F19
1257372-3,08%2F26%2F19-09%2F29%2F19
1257393-3,08%2F26%2F19-09%2F29%2F19
1257401-3,08%2F26%2F19-09%2F29%2F19
1257413-3,08%2F26%2F19-09%2F29%2F19
1257432-3,08%2F26%2F19-09%2F29%2F19
1257448-3,08%2F26%2F19-09%2F01%2F19
1257477-3,08%2F26%2F19-09%2F29%2F19
1257541-2,08%2F26%2F19-09%2F29%2F19
1257582-3,08%2F26%2F19-09%2F29%2F19
1265471-3,08%2F26%2F19-09%2F29%2F19
1265493-3,08%2F26%2F19-09%2F29%2F19
1272022-3,08%2F26%2F19-09%2F29%2F19
1272031-3,08%2F26%2F19-09%2F29%2F19
1277862-3,08%2F26%2F19-09%2F29%2F19
1277871-3,08%2F26%2F19-09%2F29%2F19
1283515-2,08%2F26%2F19-09%2F22%2F19
1289862-2,08%2F26%2F19-09%2F01%2F19
1301286-2,08%2F26%2F19-09%2F29%2F19
1306185-1,08%2F26%2F19-09%2F29%2F19
1312196-1,08%2F26%2F19-09%2F29%2F19
1323608-1,08%2F26%2F19-09%2F29%2F19
1329528-1,08%2F26%2F19-09%2F29%2F19
1329540-1,08%2F26%2F19-09%2F29%2F19
1329629-1,08%2F26%2F19-09%2F29%2F19
1261821-3,08%2F26%2F19-09%2F29%2F19
1261858-3,08%2F26%2F19-09%2F01%2F19
1261881-3,08%2F26%2F19-09%2F29%2F19
1261913-3,08%2F26%2F19-09%2F29%2F19
1262026-2,08%2F26%2F19-09%2F29%2F19
1262232-3,08%2F26%2F19-09%2F29%2F19
1266097-3,08%2F26%2F19-09%2F29%2F19
1266153-3,08%2F26%2F19-09%2F29%2F19
1271835-3,08%2F26%2F19-09%2F29%2F19
1271856-3,08%2F26%2F19-09%2F29%2F19
1277537-3,08%2F26%2F19-09%2F29%2F19
1277833-3,08%2F26%2F19-09%2F29%2F19
1277841-3,08%2F26%2F19-09%2F29%2F19
1283882-2,08%2F26%2F19-09%2F22%2F19
1284596-2,08%2F26%2F19-09%2F29%2F19
1289847-2,08%2F26%2F19-09%2F01%2F19
1301190-2,08%2F26%2F19-09%2F29%2F19
1305695-1,08%2F26%2F19-09%2F29%2F19
1312173-1,08%2F26%2F19-09%2F29%2F19
1312387-1,08%2F26%2F19-09%2F29%2F19
1312480-1,08%2F26%2F19-09%2F29%2F19
1323546-1,08%2F26%2F19-09%2F29%2F19
1329204-1,08%2F26%2F19-09%2F29%2F19
1329490-1,08%2F26%2F19-09%2F29%2F19
1329603-1,08%2F26%2F19-09%2F29%2F19
1253963-3,08%2F26%2F19-09%2F29%2F19
1254238-3,08%2F26%2F19-09%2F29%2F19
1254252-3,08%2F26%2F19-09%2F29%2F19
1254641-3,08%2F26%2F19-09%2F01%2F19
1254742-2,08%2F26%2F19-09%2F22%2F19
1254782-3,08%2F26%2F19-09%2F29%2F19
1255152-3,08%2F26%2F19-09%2F29%2F19
1256466-3,08%2F26%2F19-09%2F29%2F19
1256516-3,08%2F26%2F19-09%2F29%2F19
1256532-3,08%2F26%2F19-09%2F29%2F19
1257924-3,08%2F26%2F19-09%2F29%2F19
1258959-3,08%2F26%2F19-09%2F29%2F19
1258983-3,08%2F26%2F19-09%2F29%2F19
1259005-3,08%2F26%2F19-09%2F29%2F19
1259029-3,08%2F26%2F19-09%2F29%2F19
1259047-3,08%2F26%2F19-09%2F01%2F19
1259125-3,08%2F26%2F19-09%2F29%2F19
1259148-3,08%2F26%2F19-09%2F29%2F19
1259209-2,08%2F26%2F19-09%2F29%2F19
1265453-3,08%2F26%2F19-09%2F29%2F19
1265474-3,08%2F26%2F19-09%2F29%2F19
1265497-3,08%2F26%2F19-09%2F29%2F19
1265519-3,08%2F26%2F19-09%2F29%2F19
1271970-3,08%2F26%2F19-09%2F29%2F19
1272001-3,08%2F26%2F19-09%2F29%2F19
1272407-3,08%2F26%2F19-09%2F08%2F19
1272407-4,09%2F09%2F19-09%2F29%2F19
1272427-3,08%2F26%2F19-09%2F29%2F19
1277946-3,08%2F26%2F19-09%2F29%2F19
1278133-3,08%2F26%2F19-09%2F29%2F19
1278136-3,08%2F26%2F19-09%2F29%2F19
1278148-3,08%2F26%2F19-09%2F29%2F19
1278166-3,08%2F26%2F19-09%2F29%2F19
1283652-2,08%2F26%2F19-09%2F22%2F19
1283664-2,08%2F26%2F19-09%2F22%2F19
1284143-2,08%2F26%2F19-09%2F01%2F19
1303068-2,08%2F26%2F19-09%2F29%2F19
1303077-2,08%2F26%2F19-09%2F29%2F19
1307567-1,08%2F26%2F19-09%2F29%2F19
1307696-1,08%2F26%2F19-09%2F29%2F19
1313857-1,08%2F26%2F19-09%2F29%2F19
1314420-1,08%2F26%2F19-09%2F29%2F19
1325328-1,08%2F26%2F19-09%2F29%2F19
1325430-1,08%2F26%2F19-09%2F29%2F19
1331833-1,08%2F26%2F19-09%2F29%2F19
1331880-1,08%2F26%2F19-09%2F29%2F19
1331935-1,08%2F26%2F19-09%2F29%2F19
1332051-1,08%2F26%2F19-09%2F29%2F19
1332753-1,08%2F26%2F19-09%2F29%2F19
1332817-1,08%2F26%2F19-09%2F29%2F19
90702-2rv1,08%2F26%2F19-09%2F01%2F19
90760-2rv1,08%2F26%2F19-09%2F01%2F19
1260083-3,08%2F26%2F19-09%2F29%2F19
1263562-3,08%2F26%2F19-09%2F29%2F19
1263600-3,08%2F26%2F19-09%2F29%2F19
1263635-3,08%2F26%2F19-09%2F29%2F19
1263742-3,08%2F26%2F19-09%2F01%2F19
1263776-3,08%2F26%2F19-09%2F29%2F19
1263792-3,08%2F26%2F19-09%2F29%2F19
1263821-2,08%2F26%2F19-09%2F29%2F19
1263858-3,08%2F26%2F19-09%2F29%2F19
1267956-3,08%2F26%2F19-09%2F29%2F19
1267970-3,08%2F26%2F19-09%2F29%2F19
1274296-4,08%2F26%2F19-09%2F29%2F19
1274362-3,08%2F26%2F19-09%2F29%2F19
1283506-2,08%2F26%2F19-09%2F22%2F19
1293653-2,08%2F26%2F19-09%2F01%2F19
1302550-2,08%2F26%2F19-09%2F29%2F19
1306214-1,08%2F26%2F19-09%2F29%2F19
1316177-1,08%2F26%2F19-09%2F29%2F19
1323635-1,08%2F26%2F19-09%2F29%2F19
1330584-1,08%2F26%2F19-09%2F29%2F19
1330605-1,08%2F26%2F19-09%2F29%2F19
1330621-1,08%2F26%2F19-09%2F29%2F19
1255615-3,08%2F26%2F19-09%2F29%2F19
1271997-3,08%2F26%2F19-09%2F29%2F19
1272039-2,08%2F26%2F19-09%2F29%2F19
1272078-3,08%2F26%2F19-09%2F29%2F19
1272235-2,08%2F26%2F19-09%2F22%2F19
1272272-3,08%2F26%2F19-09%2F29%2F19
1272321-3,08%2F26%2F19-09%2F29%2F19
1272410-3,08%2F26%2F19-09%2F29%2F19
1272435-3,08%2F26%2F19-09%2F29%2F19
1272469-3,08%2F26%2F19-09%2F22%2F19
1272508-3,08%2F26%2F19-09%2F22%2F19
1272520-3,08%2F26%2F19-09%2F22%2F19
1272534-3,08%2F26%2F19-09%2F22%2F19
1272566-3,08%2F26%2F19-09%2F01%2F19
1272623-3,08%2F26%2F19-09%2F29%2F19
1272630-3,08%2F26%2F19-09%2F29%2F19
1272650-1,08%2F26%2F19-09%2F29%2F19
1272669-1,08%2F26%2F19-09%2F29%2F19
1279808-3,08%2F26%2F19-09%2F29%2F19
1279819-3,08%2F26%2F19-09%2F29%2F19
1283788-2,08%2F26%2F19-09%2F01%2F19
1293326-2,08%2F26%2F19-09%2F29%2F19
1306105-1,08%2F26%2F19-09%2F29%2F19
1331242-1,08%2F26%2F19-09%2F29%2F19
1331304-1,08%2F26%2F19-09%2F29%2F19
1331331-1,08%2F26%2F19-09%2F29%2F19
1259849-3,08%2F26%2F19-09%2F27%2F19
1260870-3,08%2F26%2F19-09%2F29%2F19
1261644-3,08%2F26%2F19-09%2F29%2F19
1262297-3,08%2F26%2F19-09%2F01%2F19
1262343-3,08%2F26%2F19-09%2F29%2F19
1262379-3,08%2F26%2F19-08%2F30%2F19
1265597-3,08%2F26%2F19-09%2F06%2F19
1266123-3,08%2F26%2F19-09%2F27%2F19
1266150-3,08%2F26%2F19-09%2F27%2F19
1270769-3,08%2F26%2F19-09%2F29%2F19
1272964-3,08%2F26%2F19-09%2F27%2F19
1272980-3,08%2F26%2F19-09%2F29%2F19
1273063-3,08%2F26%2F19-09%2F27%2F19
1278353-3,08%2F26%2F19-09%2F29%2F19
1278501-3,08%2F26%2F19-09%2F29%2F19
1278522-3,08%2F26%2F19-09%2F29%2F19
1278532-3,08%2F26%2F19-09%2F29%2F19
1284455-2,08%2F26%2F19-09%2F22%2F19
1284658-2,08%2F26%2F19-08%2F30%2F19
1284667-2,08%2F26%2F19-09%2F20%2F19
1258797-3,08%2F26%2F19-09%2F29%2F19
1259032-3,08%2F26%2F19-09%2F29%2F19
1260590-3,08%2F26%2F19-09%2F29%2F19
1260603-3,08%2F26%2F19-09%2F01%2F19
1260617-3,08%2F26%2F19-09%2F29%2F19
1260626-3,08%2F26%2F19-09%2F29%2F19
1260631-3,08%2F26%2F19-09%2F29%2F19
1260655-2,08%2F26%2F19-09%2F29%2F19
1260661-3,08%2F26%2F19-09%2F29%2F19
1265432-3,08%2F26%2F19-09%2F29%2F19
1265452-3,08%2F26%2F19-09%2F29%2F19
1272258-4,08%2F26%2F19-09%2F29%2F19
1272599-3,08%2F26%2F19-09%2F08%2F19
1272599-4,09%2F09%2F19-09%2F29%2F19
1277951-3,08%2F26%2F19-09%2F29%2F19
1277963-3,08%2F26%2F19-09%2F29%2F19
1284006-2,08%2F26%2F19-09%2F22%2F19
1290402-2,08%2F26%2F19-09%2F01%2F19
1301176-2,08%2F26%2F19-09%2F29%2F19
1307411-1,08%2F26%2F19-09%2F29%2F19
1312823-1,08%2F26%2F19-09%2F29%2F19
1323436-1,08%2F26%2F19-09%2F29%2F19
1329329-1,08%2F26%2F19-09%2F29%2F19
1330322-1,08%2F26%2F19-09%2F29%2F19
1330340-1,08%2F26%2F19-09%2F29%2F19
1284545-2,08%2F26%2F19-09%2F01%2F19
1259783-3,08%2F26%2F19-09%2F29%2F19
1259838-3,08%2F26%2F19-09%2F29%2F19
1259932-3,08%2F26%2F19-09%2F29%2F19
1259975-3,08%2F26%2F19-09%2F01%2F19
1259998-3,08%2F26%2F19-09%2F29%2F19
1260022-3,08%2F26%2F19-09%2F29%2F19
1260045-2,08%2F26%2F19-09%2F22%2F19
1260055-3,08%2F26%2F19-09%2F29%2F19
1260084-3,08%2F26%2F19-09%2F29%2F19
1261009-3,08%2F26%2F19-09%2F29%2F19
1261217-3,08%2F26%2F19-09%2F29%2F19
1261267-3,08%2F26%2F19-09%2F29%2F19
1261434-3,08%2F26%2F19-09%2F01%2F19
1261464-3,08%2F26%2F19-09%2F29%2F19
1261482-3,08%2F26%2F19-09%2F29%2F19
1261485-2,08%2F26%2F19-09%2F29%2F19
1261502-3,08%2F26%2F19-09%2F29%2F19
1274326-4,08%2F26%2F19-09%2F29%2F19
1274333-4,08%2F26%2F19-09%2F29%2F19
1274352-3,08%2F26%2F19-09%2F08%2F19
1274352-4,09%2F09%2F19-09%2F29%2F19
1274356-3,08%2F26%2F19-09%2F08%2F19
1274356-4,09%2F09%2F19-09%2F29%2F19
1280117-3,08%2F26%2F19-09%2F29%2F19
1280135-3,08%2F26%2F19-09%2F29%2F19
1280317-3,08%2F26%2F19-09%2F29%2F19
1280323-3,08%2F26%2F19-09%2F29%2F19
1280327-4,08%2F26%2F19-09%2F29%2F19
1284063-2,08%2F26%2F19-09%2F01%2F19
1285001-2,08%2F26%2F19-09%2F22%2F19
1285007-2,08%2F26%2F19-09%2F22%2F19
1290519-2,08%2F26%2F19-09%2F01%2F19
1290988-2,08%2F26%2F19-09%2F01%2F19
1302068-2,08%2F26%2F19-09%2F29%2F19
1302672-2,08%2F26%2F19-09%2F29%2F19
1306869-1,08%2F26%2F19-09%2F29%2F19
1306885-1,08%2F26%2F19-09%2F29%2F19
1315408-1,08%2F26%2F19-09%2F29%2F19
1315417-1,08%2F26%2F19-09%2F29%2F19
1325834-1,08%2F26%2F19-09%2F29%2F19
1325843-1,08%2F26%2F19-09%2F29%2F19
1331736-1,08%2F26%2F19-09%2F29%2F19
1332100-1,08%2F26%2F19-09%2F29%2F19
1252179-3,08%2F26%2F19-09%2F08%2F19
1255727-3,08%2F26%2F19-09%2F08%2F19
1258867-3,08%2F26%2F19-09%2F04%2F19
1275993-3,08%2F26%2F19-09%2F08%2F19
1283528-2,08%2F26%2F19-09%2F01%2F19
1305698-1,08%2F26%2F19-09%2F29%2F19
1314916-1,08%2F26%2F19-09%2F22%2F19
1333662-1,08%2F26%2F19-09%2F29%2F19